1,Jell, Pennie,pjell0@samsung.com,31.141.145.194
9,Rossander, Nannie,nrossander8@dot.gov,31.117.54.227
13,Tregido, Wit,wtregidoc@goodreads.com,124.156.251.128
17,Walmsley, Joan,jwalmsleyg@berkeley.edu,159.168.10.102
23,Frantzen, Arly,afrantzenm@amazonaws.com,150.168.108.51
27,Abbett, Daniella,dabbettq@feedburner.com,92.33.148.150
31,Pashby, Elana,epashbyu@salon.com,0.14.206.248
33,Gussin, Cobbie,cgussinw@apple.com,188.215.20.2
37,Kendall, Della,dkendall10@rediff.com,4.170.44.106
39,Allaker, Christean,callaker12@de.vu,219.101.242.165
43,Teenan, Dominique,dteenan16@icio.us,46.186.24.232
45,Kopp, Bambie,bkopp18@joomla.org,140.41.1.99
49,Younglove, Jaclin,jyounglove1c@cnet.com,239.110.201.155
51,Hessle, Bili,bhessle1e@mozilla.com,126.25.69.212
55,Prestland, Leann,lprestland1i@jiathis.com,111.61.209.92
57,Swindon, Tarra,tswindon1k@exblog.jp,18.31.190.185
59,McCrillis, Lenna,lmccrillis1m@sakura.ne.jp,54.59.143.84
61,Toye, Brett,btoye1o@independent.co.uk,138.248.16.173
63,Kamenar, Kai,kkamenar1q@utexas.edu,28.169.104.215
67,Steely, Carline,csteely1u@home.pl,39.237.49.155
69,Gladman, Emmaline,egladman1w@wiley.com,29.88.131.90
73,Fanshaw, Candide,cfanshaw20@statcounter.com,62.211.7.178
83,Hickeringill, Stacey,shickeringill2a@tiny.cc,112.236.16.33
87,Pietasch, Rickie,rpietasch2e@weather.com,75.19.246.188
89,Cordero, Dora,dcordero2g@livejournal.com,194.119.28.16
99,Weber, Elizabet,eweber2q@mac.com,23.246.175.144
