id,first_name,last_name,email,gender,ip_address
1101,Errick,Thelwll,ethelwll0@cdbaby.com,Male,143.195.119.199
1102,Odette,Greenhouse,ogreenhouse1@creativecommons.org,Genderfluid,136.198.219.112
1103,Gerrard,Cowdrey,gcowdrey2@comsenz.com,Male,222.124.174.213
1104,Shir,Brookbank,sbrookbank3@lulu.com,Female,28.14.245.239
1105,Elbertina,Bartlosz,ebartlosz4@accuweather.com,Female,42.150.119.105
1106,Kathye,Sandell,ksandell5@boston.com,Female,189.168.246.254
1107,Harlen,Archibould,harchibould6@de.vu,Male,122.108.222.215
1108,Colly,Wilflinger,cwilflinger7@wufoo.com,Female,171.104.239.39
1109,Dolf,Tures,dtures8@tinypic.com,Male,211.161.219.33
1110,Gaelan,Daen,gdaen9@purevolume.com,Male,42.239.157.117
1111,Monroe,Lusty,mlustya@columbia.edu,Male,50.152.173.51
1112,Dorise,Timberlake,dtimberlakeb@telegraph.co.uk,Female,12.163.37.219
1113,Sara-ann,Branca,sbrancac@answers.com,Female,106.72.246.26
1114,Ethan,Taree,etareed@prnewswire.com,Male,169.215.148.136
1115,Jesus,Urion,jurione@freewebs.com,Male,248.213.205.14
1116,Kacie,Dorey,kdoreyf@shinystat.com,Female,178.14.213.68
1117,Mindy,Rummings,mrummingsg@npr.org,Female,183.90.156.236
1118,Jamima,Mordacai,jmordacaih@networksolutions.com,Female,225.175.202.12
1119,Phillida,O'Doogan,podoogani@tamu.edu,Female,49.42.73.172
1120,Zaneta,Sekulla,zsekullaj@ed.gov,Genderfluid,48.42.219.190
1121,Cal,Sewart,csewartk@aol.com,Male,222.52.35.76
1122,Lidia,Georgel,lgeorgell@cbc.ca,Female,1.115.252.88
1123,Gregoire,Lukas,glukasm@ycombinator.com,Male,37.246.86.236
1124,Mar,Carbry,mcarbryn@ow.ly,Male,109.91.19.72
1125,Onfroi,Barkshire,obarkshireo@paypal.com,Male,210.171.93.233
1126,Meta,Vaney,mvaneyp@dell.com,Female,14.41.130.148
1127,Linoel,Cadigan,lcadiganq@dell.com,Male,150.216.64.194
1128,Evelyn,McNirlan,emcnirlanr@foxnews.com,Male,85.94.79.124
1129,Waylan,Hanney,whanneys@purevolume.com,Male,38.95.99.194
1130,Estele,Dullingham,edullinghamt@alibaba.com,Female,93.56.110.10
1131,Danie,Yansons,dyansonsu@nifty.com,Male,14.33.12.103
1132,Justino,McTerry,jmcterryv@constantcontact.com,Male,185.101.0.162
1133,Ange,Llorens,allorensw@mtv.com,Female,21.113.103.138
1134,Devin,Condliffe,dcondliffex@youtu.be,Female,147.149.38.190
1135,Pasquale,Missington,pmissingtony@photobucket.com,Polygender,54.212.135.194
1136,Bernarr,Pauletti,bpaulettiz@webs.com,Male,59.138.59.81
1137,Barnard,Alison,balison10@patch.com,Male,107.92.151.17
1138,Moreen,Ardron,mardron11@netscape.com,Female,153.230.248.133
1139,Lorelle,Wathey,lwathey12@hugedomains.com,Female,129.200.139.39
1140,Cyril,Woonton,cwoonton13@xing.com,Male,144.84.224.1
1141,Kiah,Walshe,kwalshe14@tmall.com,Non-binary,128.102.64.97
1142,Bayard,Currum,bcurrum15@cyberchimps.com,Male,94.245.232.125
1143,Buddy,Tregent,btregent16@mayoclinic.com,Genderqueer,86.76.12.104
1144,Kiersten,Newbery,knewbery17@indiegogo.com,Female,1.17.204.165
1145,Simmonds,Littrick,slittrick18@nps.gov,Male,175.249.66.153
1146,Taber,O' Mullane,tomullane19@engadget.com,Male,41.26.91.58
1147,Cayla,Culbert,cculbert1a@smugmug.com,Female,4.240.63.7
1148,Genia,Vanyutin,gvanyutin1b@nymag.com,Female,16.121.154.165
1149,Waverley,Parzizek,wparzizek1c@etsy.com,Male,3.88.93.19
1150,Bald,Wride,bwride1d@smugmug.com,Male,116.210.67.138
1151,Aldwin,Grigoriscu,agrigoriscu1e@aboutads.info,Male,196.255.13.227
1152,Row,Askin,raskin1f@moonfruit.com,Female,99.87.41.219
1153,Ellerey,Tellett,etellett1g@discovery.com,Male,50.242.87.242
1154,Ashil,Wendover,awendover1h@youku.com,Bigender,37.57.205.106
1155,Osmond,Stocky,ostocky1i@exblog.jp,Male,168.48.40.186
1156,Daffie,Olliff,dolliff1j@jalbum.net,Female,19.20.117.113
1157,Kacy,MacGoun,kmacgoun1k@noaa.gov,Female,22.105.149.80
1158,Jamie,Docket,jdocket1l@dyndns.org,Male,129.216.142.44
1159,Crin,Yanov,cyanov1m@oracle.com,Female,36.104.207.23
1160,Terri,Lysaght,tlysaght1n@blog.com,Male,197.74.184.47
1161,Orlan,Lermouth,olermouth1o@ftc.gov,Male,105.34.106.8
1162,Glad,Polsin,gpolsin1p@uol.com.br,Female,180.150.8.255
1163,Tina,Wimbush,twimbush1q@wikipedia.org,Female,141.198.88.114
1164,Iver,Argue,iargue1r@arizona.edu,Male,110.169.250.233
1165,Renaldo,Peltz,rpeltz1s@purevolume.com,Male,40.29.202.87
1166,Rebecka,Ferro,rferro1t@cornell.edu,Female,220.214.74.255
1167,Adrea,Caldicott,acaldicott1u@mac.com,Female,12.144.154.253
1168,Even,Kneeland,ekneeland1v@archive.org,Male,0.25.58.108
1169,Dal,Vasichev,dvasichev1w@howstuffworks.com,Male,66.29.225.230
1170,Ede,Woolway,ewoolway1x@digg.com,Female,45.172.110.58
1171,Lemmy,Pinnere,lpinnere1y@comsenz.com,Male,153.208.48.170
1172,Allie,Leece,aleece1z@aol.com,Male,95.20.175.232
1173,Bev,Chevers,bchevers20@instagram.com,Male,139.190.108.47
1174,Henrik,Ricks,hricks21@oaic.gov.au,Male,117.109.12.53
1175,Garvy,Fuzzard,gfuzzard22@fda.gov,Male,213.149.37.16
1176,Waite,Wallworke,wwallworke23@ning.com,Male,60.60.229.251
1177,Odille,Chitson,ochitson24@typepad.com,Female,102.50.21.204
1178,Jenn,Van Arsdall,jvanarsdall25@netscape.com,Female,73.222.195.53
1179,Geneva,Housbie,ghousbie26@cbc.ca,Female,4.226.238.179
1180,Denys,Glencorse,dglencorse27@wunderground.com,Female,219.254.5.9
1181,Joycelin,Arthur,jarthur28@chron.com,Female,114.50.39.109
1182,Josh,Matthew,jmatthew29@army.mil,Male,154.102.242.249
1183,Jarib,Fennell,jfennell2a@godaddy.com,Genderfluid,168.212.87.53
1184,Tanitansy,Bowcock,tbowcock2b@usatoday.com,Female,56.139.86.227
1185,Ladonna,Stegell,lstegell2c@blogspot.com,Female,228.117.249.141
1186,Carlene,Newbury,cnewbury2d@usnews.com,Genderfluid,9.2.47.20
1187,Boothe,Boatright,bboatright2e@sbwire.com,Male,108.173.189.152
1188,Seana,Battrum,sbattrum2f@twitpic.com,Female,102.176.16.184
1189,Rockie,Van Der Walt,rvanderwalt2g@springer.com,Male,249.23.81.163
1190,Francyne,Shapiro,fshapiro2h@cisco.com,Female,0.141.1.204
1191,Jonathon,Dowding,jdowding2i@mtv.com,Male,21.206.192.35
1192,Kirsteni,Blucher,kblucher2j@sbwire.com,Female,116.50.74.209
1193,Hollis,Woodberry,hwoodberry2k@quantcast.com,Male,118.138.207.193
1194,Damien,Brandsma,dbrandsma2l@columbia.edu,Male,129.235.8.128
1195,Hill,Lavery,hlavery2m@csmonitor.com,Genderqueer,144.186.177.247
1196,Yolanthe,Sabbatier,ysabbatier2n@ucoz.com,Female,37.85.63.254
1197,Hagan,Oxbury,hoxbury2o@trellian.com,Male,113.253.81.211
1198,Ronny,Scotchmoor,rscotchmoor2p@shop-pro.jp,Non-binary,23.204.223.38
1199,Collette,Goodwell,cgoodwell2q@networkadvertising.org,Polygender,78.235.18.157
1200,Salomon,Bent,sbent2r@timesonline.co.uk,Male,11.213.144.5
1201,Hort,Ferrarese,hferrarese2s@ucoz.ru,Male,189.159.122.34
1202,Stearn,Terrill,sterrill2t@people.com.cn,Male,74.204.28.236
1203,Donny,Tilbury,dtilbury2u@prnewswire.com,Female,141.254.252.175
1204,Hill,Hindge,hhindge2v@salon.com,Male,30.88.67.177
1205,Billy,Ottosen,bottosen2w@netlog.com,Male,80.226.34.125
1206,Myrah,Lewzey,mlewzey2x@eventbrite.com,Female,211.235.227.32
1207,Spenser,Dyte,sdyte2y@ted.com,Male,231.58.230.136
1208,Trenton,Lacroix,tlacroix2z@columbia.edu,Male,12.141.4.180
1209,Karlene,Passo,kpasso30@hp.com,Female,251.202.161.133
1210,Tristam,Figures,tfigures31@blogs.com,Male,133.68.22.144
1211,Lamond,Paley,lpaley32@newsvine.com,Male,183.47.161.50
1212,Barnie,Chad,bchad33@cloudflare.com,Genderfluid,140.247.6.30
1213,Cecil,Ellwand,cellwand34@bbb.org,Female,24.114.74.91
1214,Fiorenze,Brattan,fbrattan35@ebay.co.uk,Female,212.182.248.73
1215,Freeland,Cunde,fcunde36@marketwatch.com,Male,250.80.190.169
1216,Danie,Marke,dmarke37@ow.ly,Male,65.237.97.61
1217,Clarey,Franseco,cfranseco38@histats.com,Female,208.222.146.222
1218,Phil,Bilfoot,pbilfoot39@imageshack.us,Male,102.84.146.147
1219,Iorgos,Lacy,ilacy3a@moonfruit.com,Male,118.190.237.176
1220,Tiebold,Alps,talps3b@usda.gov,Male,114.216.79.163
1221,Grange,Caulliere,gcaulliere3c@so-net.ne.jp,Agender,62.84.126.52
1222,Nevile,Feare,nfeare3d@w3.org,Male,102.151.21.3
1223,Jasper,Addeycott,jaddeycott3e@thetimes.co.uk,Male,204.193.225.48
1224,Corny,Lobb,clobb3f@youtube.com,Polygender,135.254.22.155
1225,Geoffrey,Rowston,growston3g@blog.com,Male,131.2.64.224
1226,Reinaldos,Fantone,rfantone3h@microsoft.com,Male,113.129.242.241
1227,Pearline,Ashbrook,pashbrook3i@goo.ne.jp,Female,194.246.10.148
1228,Chester,Mc Comb,cmccomb3j@indiegogo.com,Male,251.124.172.63
1229,Bab,Losbie,blosbie3k@ucoz.com,Female,106.170.58.64
1230,Sigfried,Allsep,sallsep3l@amazon.com,Male,48.96.204.145
1231,Edna,McShirrie,emcshirrie3m@nifty.com,Female,122.143.210.183
1232,Perle,Costellow,pcostellow3n@telegraph.co.uk,Female,61.63.221.236
1233,Spenser,Cadney,scadney3o@nydailynews.com,Male,180.121.103.154
1234,Garek,Shedden,gshedden3p@yahoo.com,Male,212.190.192.64
1235,Olivette,Storres,ostorres3q@ca.gov,Female,15.23.87.219
1236,Ernestus,Tatlowe,etatlowe3r@feedburner.com,Male,174.235.101.121
1237,Adler,Janusz,ajanusz3s@geocities.jp,Male,50.23.208.48
1238,Dieter,Lovelady,dlovelady3t@tinypic.com,Male,88.248.185.187
1239,Starlin,Galland,sgalland3u@live.com,Female,193.198.94.237
1240,Rusty,Itzchaky,ritzchaky3v@example.com,Male,44.224.176.215
1241,Kristin,Whelan,kwhelan3w@house.gov,Female,91.177.188.184
1242,Clerc,Guillart,cguillart3x@is.gd,Male,243.179.128.212
1243,Elfrida,Penddreth,ependdreth3y@go.com,Female,208.215.193.122
1244,Ronda,Hartfield,rhartfield3z@about.com,Female,189.125.174.190
1245,Ossie,Standall,ostandall40@wordpress.com,Male,115.242.60.236
1246,Lorri,MacQuist,lmacquist41@princeton.edu,Agender,165.241.91.86
1247,Jacynth,Buer,jbuer42@shareasale.com,Female,52.120.249.85
1248,Hephzibah,Mulcahy,hmulcahy43@github.io,Female,141.12.179.108
1249,Alonzo,Mitchiner,amitchiner44@sakura.ne.jp,Male,2.72.101.160
1250,Augustus,Baggett,abaggett45@nbcnews.com,Male,124.147.75.29
1251,Bellanca,De Cruce,bdecruce46@creativecommons.org,Female,51.37.71.85
1252,Ortensia,Plowright,oplowright47@pinterest.com,Female,72.32.197.5
1253,Deane,Slobom,dslobom48@cpanel.net,Female,48.6.7.84
1254,Joscelin,Pesic,jpesic49@taobao.com,Female,161.163.62.1
1255,Merilyn,Philipeau,mphilipeau4a@cam.ac.uk,Female,113.227.242.99
1256,Bram,Lubman,blubman4b@imgur.com,Male,186.124.208.178
1257,Junie,Zylbermann,jzylbermann4c@ucoz.com,Female,168.150.101.159
1258,Bella,Antonsen,bantonsen4d@wix.com,Female,176.123.171.129
1259,Germain,Meininger,gmeininger4e@walmart.com,Male,182.246.105.159
1260,Erika,Eisikowitch,eeisikowitch4f@blogs.com,Non-binary,157.173.216.228
1261,Roger,Wagner,rwagner4g@goo.ne.jp,Male,47.5.250.16
1262,Delaney,Wigley,dwigley4h@merriam-webster.com,Male,87.159.52.220
1263,Bonnie,Keyes,bkeyes4i@wordpress.com,Female,64.32.79.210
1264,Filmer,Delion,fdelion4j@mapquest.com,Male,178.28.119.76
1265,Normand,Sarfatti,nsarfatti4k@istockphoto.com,Male,233.7.187.4
1266,Faustina,Eltringham,feltringham4l@pen.io,Female,77.251.196.13
1267,Obidiah,Andryunin,oandryunin4m@ustream.tv,Male,88.156.230.129
1268,Tiena,Beardon,tbeardon4n@nature.com,Non-binary,219.227.129.89
1269,Lorita,Francesch,lfrancesch4o@multiply.com,Female,9.233.146.236
1270,Lorant,Tolotti,ltolotti4p@instagram.com,Male,93.216.36.70
1271,Brietta,Hellens,bhellens4q@ca.gov,Female,153.148.120.163
1272,Veriee,Hargraves,vhargraves4r@edublogs.org,Female,12.152.93.229
1273,Helen-elizabeth,Kliment,hkliment4s@bandcamp.com,Female,193.114.207.60
1274,Neda,Everington,neverington4t@w3.org,Female,239.144.185.132
1275,Issiah,Woodington,iwoodington4u@arizona.edu,Male,243.117.25.4
1276,Barbette,Shackleford,bshackleford4v@addthis.com,Female,165.151.123.124
1277,Emery,Kainz,ekainz4w@yale.edu,Male,21.192.67.50
1278,Zonda,Harkes,zharkes4x@nationalgeographic.com,Female,242.250.123.211
1279,Harriet,Crackel,hcrackel4y@psu.edu,Female,187.10.111.207
1280,Kellie,Yashnov,kyashnov4z@themeforest.net,Female,193.213.27.117
1281,Fair,Trodler,ftrodler50@unesco.org,Male,68.96.109.200
1282,Averell,Casetta,acasetta51@dion.ne.jp,Male,117.46.130.181
1283,Gianni,Wanell,gwanell52@friendfeed.com,Male,39.31.244.9
1284,Cornell,Stanworth,cstanworth53@china.com.cn,Male,9.69.198.239
1285,Danit,Hexum,dhexum54@alexa.com,Female,121.71.200.191
1286,Genovera,Crucitti,gcrucitti55@infoseek.co.jp,Female,151.174.252.94
1287,Hallsy,Hurley,hhurley56@nature.com,Genderqueer,55.241.212.16
1288,Fawnia,Gellert,fgellert57@fastcompany.com,Female,4.108.231.227
1289,Ellynn,Teare,eteare58@adobe.com,Female,198.95.117.149
1290,Merilyn,Aubury,maubury59@cbslocal.com,Female,123.253.143.160
1291,Wyatt,Orrobin,worrobin5a@loc.gov,Male,215.112.177.146
1292,Booth,Bohike,bbohike5b@goo.ne.jp,Male,61.30.119.178
1293,Brad,McDaid,bmcdaid5c@so-net.ne.jp,Male,192.183.112.120
1294,Shelley,McCalum,smccalum5d@statcounter.com,Male,118.37.249.224
1295,Reinold,Tellett,rtellett5e@cnn.com,Agender,229.82.145.155
1296,Jorgan,Elvins,jelvins5f@reverbnation.com,Male,210.124.156.90
1297,Dave,Pilling,dpilling5g@hud.gov,Male,166.39.191.17
1298,Rori,Scothern,rscothern5h@surveymonkey.com,Female,26.64.139.197
1299,Vilhelmina,Ingley,vingley5i@geocities.jp,Female,12.204.167.56
1300,Roseann,Baines,rbaines5j@nationalgeographic.com,Female,156.148.98.190
1301,Nathaniel,Turley,nturley5k@e-recht24.de,Agender,80.184.240.201
1302,Maximilianus,McGinney,mmcginney5l@mlb.com,Male,7.56.131.131
1303,Isis,Humpage,ihumpage5m@yale.edu,Female,113.111.108.135
1304,Dorree,Younger,dyounger5n@github.io,Female,19.13.86.94
1305,Kaia,Popham,kpopham5o@sfgate.com,Female,137.249.122.15
1306,Aarika,Caulcutt,acaulcutt5p@tinyurl.com,Female,31.9.72.221
1307,Augustus,Paliser,apaliser5q@adobe.com,Male,10.38.62.124
1308,Cecily,De Nisco,cdenisco5r@mtv.com,Female,5.58.122.81
1309,Kate,O'Kinneally,kokinneally5s@ovh.net,Female,66.88.71.72
1310,Nollie,Crusham,ncrusham5t@cnbc.com,Female,97.170.154.17
1311,Mollie,MacGregor,mmacgregor5u@webeden.co.uk,Female,253.136.100.122
1312,Maryl,Lovie,mlovie5v@google.pl,Female,254.104.224.179
1313,Vanna,MacGinney,vmacginney5w@discovery.com,Female,172.110.3.169
1314,Gayler,Combe,gcombe5x@unesco.org,Male,177.79.37.199
1315,Dorthy,Mattiessen,dmattiessen5y@google.co.uk,Female,74.105.150.10
1316,Riva,Ling,rling5z@parallels.com,Female,89.30.48.106
1317,Babara,Woodrooffe,bwoodrooffe60@bravesites.com,Female,0.231.105.179
1318,Eirena,Povlsen,epovlsen61@unblog.fr,Female,192.159.196.157
1319,Melisande,Morforth,mmorforth62@ft.com,Female,79.5.152.135
1320,Rem,O'Brollachain,robrollachain63@tripod.com,Male,51.17.97.60
1321,Tandy,Daine,tdaine64@bloglines.com,Female,221.110.40.148
1322,Davina,Whaplington,dwhaplington65@cornell.edu,Female,187.152.8.167
1323,Nanete,Pattenden,npattenden66@weebly.com,Female,227.197.118.108
1324,Raye,Lamplough,rlamplough67@plala.or.jp,Female,212.55.250.231
1325,Gwenette,Koene,gkoene68@surveymonkey.com,Female,48.23.234.119
1326,Phip,Gwillim,pgwillim69@amazon.co.uk,Male,148.160.124.211
1327,Ambrosi,De Dei,adedei6a@indiegogo.com,Male,125.227.97.228
1328,Scottie,Filtness,sfiltness6b@youtube.com,Male,19.67.212.69
1329,Laina,Petrusch,lpetrusch6c@a8.net,Female,73.46.96.86
1330,Ginevra,Shackell,gshackell6d@statcounter.com,Female,106.247.101.164
1331,Timothy,Hartless,thartless6e@gmpg.org,Male,23.197.56.26
1332,Ella,Khan,ekhan6f@china.com.cn,Female,170.90.82.230
1333,Danielle,Renshall,drenshall6g@webmd.com,Female,167.1.136.182
1334,Merci,Lampens,mlampens6h@businessweek.com,Female,39.194.249.140
1335,Maddy,Kevern,mkevern6i@live.com,Female,16.117.63.23
1336,Tyrone,Croysdale,tcroysdale6j@amazonaws.com,Male,140.161.197.97
1337,Prudi,Bellamy,pbellamy6k@mediafire.com,Non-binary,112.249.151.240
1338,Tim,Greenin,tgreenin6l@washingtonpost.com,Female,52.161.58.184
1339,Base,Keningham,bkeningham6m@csmonitor.com,Male,209.215.165.42
1340,Andrus,Gietz,agietz6n@liveinternet.ru,Male,96.94.241.114
1341,Wenonah,Fantone,wfantone6o@dot.gov,Female,252.246.189.209
1342,Lynna,Alldread,lalldread6p@goodreads.com,Female,121.231.78.139
1343,Eberto,Harrie,eharrie6q@virginia.edu,Genderqueer,246.117.218.78
1344,Gay,Free,gfree6r@g.co,Female,111.214.240.141
1345,Rustin,Alyutin,ralyutin6s@yahoo.com,Male,198.223.116.25
1346,Lee,Marquez,lmarquez6t@narod.ru,Female,45.110.130.55
1347,Kelly,Minmagh,kminmagh6u@redcross.org,Female,206.20.73.221
1348,Humberto,Murty,hmurty6v@phpbb.com,Male,67.86.120.122
1349,Lottie,Yeskov,lyeskov6w@shop-pro.jp,Female,248.212.25.107
1350,Cass,McCumskay,cmccumskay6x@china.com.cn,Polygender,198.162.108.210
1351,Louella,Croux,lcroux6y@xrea.com,Female,242.99.227.147
1352,Freedman,Giraths,fgiraths6z@sciencedaily.com,Male,0.26.37.78
1353,Harmony,Terlinden,hterlinden70@ifeng.com,Female,217.100.191.112
1354,Merrel,Boucher,mboucher71@unblog.fr,Male,201.104.81.250
1355,Ollie,Avesque,oavesque72@unicef.org,Male,104.38.145.14
1356,Leodora,Saunders,lsaunders73@timesonline.co.uk,Female,11.124.140.246
1357,Buckie,Derkes,bderkes74@photobucket.com,Agender,252.185.97.91
1358,Jonell,Wearne,jwearne75@nifty.com,Female,166.80.127.209
1359,Skylar,Abbets,sabbets76@scribd.com,Male,210.39.85.81
1360,Estrella,Bloggett,ebloggett77@gravatar.com,Female,59.63.58.88
1361,Haskell,McElwee,hmcelwee78@cdc.gov,Male,185.168.170.38
1362,Ambros,Danson,adanson79@livejournal.com,Male,131.182.86.209
1363,Freddi,Broadberrie,fbroadberrie7a@fotki.com,Female,70.138.156.250
1364,Ebeneser,Byng,ebyng7b@google.com,Male,162.215.237.162
1365,Calypso,Mungin,cmungin7c@livejournal.com,Female,118.116.140.33
1366,Noni,MacFadzean,nmacfadzean7d@guardian.co.uk,Female,97.73.40.30
1367,Shaun,MacKeig,smackeig7e@seesaa.net,Female,205.177.107.69
1368,Warner,Clemencon,wclemencon7f@engadget.com,Male,191.218.163.75
1369,Walker,Allmark,wallmark7g@slashdot.org,Male,113.101.143.73
1370,Jarrid,Challoner,jchalloner7h@goo.gl,Male,84.17.33.136
1371,Devan,Gidney,dgidney7i@cornell.edu,Female,146.150.52.94
1372,Ninnetta,Teesdale,nteesdale7j@fotki.com,Female,73.104.246.13
1373,Emmott,Sowle,esowle7k@cpanel.net,Male,48.130.242.140
1374,Prentiss,Castelyn,pcastelyn7l@sfgate.com,Agender,130.106.92.53
1375,Costa,Augustin,caugustin7m@oaic.gov.au,Male,187.240.220.134
1376,Caldwell,Lowerson,clowerson7n@google.com,Male,108.91.233.130
1377,Mikael,McKilroe,mmckilroe7o@nationalgeographic.com,Male,147.113.146.81
1378,Auroora,Dutnell,adutnell7p@cnbc.com,Female,101.193.109.147
1379,Missy,Wyant,mwyant7q@eventbrite.com,Female,156.156.62.107
1380,Happy,McKellen,hmckellen7r@cnet.com,Female,136.55.130.62
1381,Killy,Vallow,kvallow7s@adobe.com,Male,52.122.39.38
1382,Bethany,Vader,bvader7t@instagram.com,Female,124.147.156.72
1383,Stephanie,Haskins,shaskins7u@blog.com,Female,149.170.117.8
1384,Wynnie,Castella,wcastella7v@unicef.org,Female,192.10.90.106
1385,Jayson,O'Kenny,jokenny7w@earthlink.net,Male,171.155.114.71
1386,Maggee,Haresnaip,mharesnaip7x@guardian.co.uk,Female,194.90.138.206
1387,Kathe,Blazhevich,kblazhevich7y@bloglovin.com,Female,199.213.134.154
1388,Avrom,Georgeou,ageorgeou7z@unesco.org,Male,158.82.8.177
1389,Gauthier,Pinchbeck,gpinchbeck80@addtoany.com,Male,134.26.205.174
1390,Talia,Henrych,thenrych81@economist.com,Female,242.187.53.26
1391,Alfy,Marchington,amarchington82@miibeian.gov.cn,Female,96.215.67.138
1392,Karim,MacRonald,kmacronald83@google.ca,Male,151.185.152.44
1393,Erny,Clare,eclare84@auda.org.au,Male,156.26.76.98
1394,Lloyd,Frick,lfrick85@bbb.org,Male,199.249.208.130
1395,Rhianon,Somerscales,rsomerscales86@telegraph.co.uk,Female,117.98.199.3
1396,Melesa,Coton,mcoton87@ameblo.jp,Female,15.5.78.158
1397,Bobbie,Rackham,brackham88@live.com,Female,39.3.111.119
1398,Cullie,Ewenson,cewenson89@sourceforge.net,Genderqueer,84.16.125.113
1399,John,Sprakes,jsprakes8a@mlb.com,Male,149.251.239.102
1400,Melisandra,Meeland,mmeeland8b@mashable.com,Female,62.215.137.204
1401,Sherill,Cantrill,scantrill8c@issuu.com,Female,254.31.42.202
1402,Rachelle,Stansfield,rstansfield8d@disqus.com,Genderfluid,67.172.8.81
1403,Charla,Barrows,cbarrows8e@unc.edu,Female,133.67.141.213
1404,Scottie,Stribling,sstribling8f@redcross.org,Male,233.237.0.82
1405,Koren,Tams,ktams8g@nifty.com,Female,175.62.137.54
1406,Keefe,Colbourn,kcolbourn8h@elegantthemes.com,Male,39.111.67.199
1407,Melessa,Gherardi,mgherardi8i@tripod.com,Female,239.248.214.12
1408,Fredia,Kneel,fkneel8j@comcast.net,Female,5.65.136.166
1409,Davy,Silley,dsilley8k@purevolume.com,Male,112.128.100.81
1410,Demeter,Crysell,dcrysell8l@abc.net.au,Female,171.85.159.228
1411,Kenn,Brabbs,kbrabbs8m@sbwire.com,Male,222.209.60.15
1412,Laraine,Girvan,lgirvan8n@dailymotion.com,Female,208.101.162.248
1413,Kriste,McCurtin,kmccurtin8o@earthlink.net,Female,179.119.253.88
1414,Jerrie,Roylance,jroylance8p@washington.edu,Female,95.24.68.71
1415,Marchelle,Gawen,mgawen8q@japanpost.jp,Female,146.223.255.222
1416,Che,Baldrey,cbaldrey8r@cyberchimps.com,Male,30.51.252.179
1417,Boyd,Hundell,bhundell8s@nps.gov,Male,211.0.134.241
1418,Kenny,Deadman,kdeadman8t@omniture.com,Male,55.101.91.145
1419,Oneida,Vargas,ovargas8u@disqus.com,Female,208.228.132.138
1420,Brietta,Swindon,bswindon8v@wordpress.org,Agender,73.6.123.29
1421,Letta,Alberts,lalberts8w@foxnews.com,Female,229.199.154.36
1422,Rosaleen,Lamping,rlamping8x@howstuffworks.com,Female,175.143.95.125
1423,Erskine,McShirrie,emcshirrie8y@chron.com,Male,221.58.243.19
1424,Maryann,Merigeau,mmerigeau8z@topsy.com,Female,205.142.226.160
1425,Ann-marie,Garnham,agarnham90@parallels.com,Female,249.76.71.4
1426,Stephie,Gammage,sgammage91@stanford.edu,Genderqueer,41.82.126.231
1427,Mirabel,Schouthede,mschouthede92@dedecms.com,Genderqueer,216.24.221.88
1428,Baldwin,Deeley,bdeeley93@oracle.com,Male,106.78.176.64
1429,Etienne,Milson,emilson94@about.me,Male,3.158.163.197
1430,Frasier,Paulazzi,fpaulazzi95@google.nl,Male,229.65.161.68
1431,Natasha,Cayet,ncayet96@ihg.com,Female,96.99.123.58
1432,Flemming,Stonman,fstonman97@marketwatch.com,Male,122.111.35.50
1433,Bram,Carnew,bcarnew98@google.fr,Male,109.10.194.56
1434,Elisha,Shackle,eshackle99@seattletimes.com,Female,172.95.184.129
1435,Wood,Harkes,wharkes9a@fema.gov,Male,237.184.194.10
1436,Lenci,Berthome,lberthome9b@digg.com,Male,51.227.246.27
1437,Hilary,Longmead,hlongmead9c@google.com,Male,87.208.14.185
1438,Kenton,McFaell,kmcfaell9d@mtv.com,Male,170.130.44.69
1439,Kareem,Lamberti,klamberti9e@home.pl,Non-binary,105.56.252.112
1440,Osbourne,Barlthrop,obarlthrop9f@jugem.jp,Male,198.30.185.19
1441,Sophia,Paling,spaling9g@biblegateway.com,Female,172.42.128.60
1442,Bernadene,Curryer,bcurryer9h@yolasite.com,Female,215.63.209.155
1443,Ashlee,Merrilees,amerrilees9i@dmoz.org,Female,220.35.49.154
1444,Gradeigh,Abramzon,gabramzon9j@blogs.com,Non-binary,177.225.193.196
1445,Giovanni,Fotherby,gfotherby9k@webmd.com,Male,131.205.130.76
1446,Terrill,Tapper,ttapper9l@drupal.org,Male,232.110.10.138
1447,Helen-elizabeth,Hefford,hhefford9m@ibm.com,Female,47.190.195.238
1448,Analise,Dayly,adayly9n@cnbc.com,Female,230.29.11.136
1449,Brandon,Madelin,bmadelin9o@nps.gov,Male,127.129.60.247
1450,Ardath,Keal,akeal9p@umn.edu,Genderqueer,166.54.29.106
1451,Erhard,Twine,etwine9q@multiply.com,Bigender,141.236.246.20
1452,Bevon,Fincke,bfincke9r@youtube.com,Male,67.7.15.129
1453,Charla,Raitt,craitt9s@illinois.edu,Female,161.105.47.30
1454,Kara,Simmonds,ksimmonds9t@blinklist.com,Female,58.50.166.30
1455,Husein,Chavez,hchavez9u@fda.gov,Male,63.123.122.114
1456,Raynell,Gheorghescu,rgheorghescu9v@constantcontact.com,Female,46.129.204.231
1457,Vance,Creech,vcreech9w@wikispaces.com,Male,211.80.165.109
1458,Marj,Roon,mroon9x@networkadvertising.org,Non-binary,52.84.198.142
1459,Georgetta,Davidovitch,gdavidovitch9y@example.com,Female,224.228.0.127
1460,Briny,Paulin,bpaulin9z@fema.gov,Female,32.52.67.73
1461,Ame,Felce,afelcea0@columbia.edu,Female,142.233.104.173
1462,Crosby,Dunthorne,cdunthornea1@forbes.com,Male,64.184.115.110
1463,Mariya,O'Hartnedy,mohartnedya2@barnesandnoble.com,Female,138.113.25.62
1464,Bronnie,Holyland,bholylanda3@google.fr,Male,74.74.128.236
1465,Gena,Wyndham,gwyndhama4@barnesandnoble.com,Female,244.172.88.209
1466,Huntlee,Snedden,hsneddena5@hibu.com,Bigender,77.101.101.16
1467,Northrup,Flaunders,nflaundersa6@un.org,Male,221.114.252.5
1468,Sharity,Hunnybun,shunnybuna7@si.edu,Female,39.186.246.78
1469,Gwennie,Bagenal,gbagenala8@barnesandnoble.com,Female,11.140.250.208
1470,Stillmann,McLemon,smclemona9@marriott.com,Male,12.32.51.49
1471,Deane,De Meis,ddemeisaa@shutterfly.com,Male,129.18.226.59
1472,Kalina,Drinnan,kdrinnanab@wisc.edu,Female,40.4.170.241
1473,Alphard,Enser,aenserac@unblog.fr,Male,19.138.28.137
1474,Tyne,Cromarty,tcromartyad@nature.com,Female,3.185.114.31
1475,Algernon,Coote,acooteae@uiuc.edu,Male,13.246.160.42
1476,Kandace,Boykett,kboykettaf@bloomberg.com,Female,124.94.201.26
1477,Orin,Halpin,ohalpinag@nifty.com,Male,210.169.102.243
1478,Sissy,Lanahan,slanahanah@xrea.com,Non-binary,75.204.62.14
1479,Gibby,Paxeford,gpaxefordai@earthlink.net,Male,90.65.178.131
1480,Giuseppe,Sleep,gsleepaj@xinhuanet.com,Male,92.222.203.8
1481,Shay,Gosney,sgosneyak@timesonline.co.uk,Agender,178.13.66.230
1482,Abbott,Cunningham,acunninghamal@dailymail.co.uk,Genderfluid,57.155.104.252
1483,Luciana,Nealon,lnealonam@php.net,Female,94.60.188.188
1484,Laraine,Farnill,lfarnillan@ocn.ne.jp,Female,43.48.55.207
1485,Krispin,Ilyunin,kilyuninao@omniture.com,Male,45.168.158.250
1486,Romain,Dunsmuir,rdunsmuirap@etsy.com,Male,253.233.183.104
1487,Marquita,Andrejevic,mandrejevicaq@odnoklassniki.ru,Female,120.119.244.109
1488,Bertie,Godard,bgodardar@free.fr,Genderfluid,208.246.197.29
1489,Isabeau,Gorcke,igorckeas@answers.com,Female,163.41.191.46
1490,Clotilda,Garvan,cgarvanat@mozilla.com,Female,202.108.50.107
1491,Agace,Worg,aworgau@yellowbook.com,Female,196.176.160.255
1492,Margarete,Kures,mkuresav@ted.com,Female,10.191.81.212
1493,Josefa,Treffry,jtreffryaw@springer.com,Female,61.29.72.181
1494,Joshuah,Weinmann,jweinmannax@mapy.cz,Male,159.150.191.250
1495,Hammad,McNay,hmcnayay@washington.edu,Male,51.194.5.79
1496,Samaria,Deners,sdenersaz@alexa.com,Female,191.178.110.172
1497,Ara,Rainsdon,arainsdonb0@shareasale.com,Male,159.94.225.219
1498,Ernesto,Skene,eskeneb1@weibo.com,Male,164.18.33.134
1499,Lilia,Gaspero,lgasperob2@vistaprint.com,Non-binary,212.215.54.63
1500,Moishe,Carnegy,mcarnegyb3@constantcontact.com,Male,120.221.21.209
1501,Gawain,O'Kennedy,gokennedyb4@umich.edu,Male,96.178.252.169
1502,Ethel,MacGuigan,emacguiganb5@mtv.com,Female,107.184.236.83
1503,Russ,Kite,rkiteb6@xrea.com,Male,58.31.143.36
1504,Karel,Shutte,kshutteb7@cbc.ca,Male,112.44.173.229
1505,Etti,Sturdgess,esturdgessb8@sbwire.com,Female,180.154.84.56
1506,Dorry,Swaby,dswabyb9@census.gov,Female,252.59.185.252
1507,Kerwinn,Swansbury,kswansburyba@vistaprint.com,Male,194.155.17.157
1508,Chloris,Gajewski,cgajewskibb@mapy.cz,Female,61.164.194.31
1509,Roseanna,Tyhurst,rtyhurstbc@nyu.edu,Polygender,230.64.36.227
1510,Codee,Kleiner,ckleinerbd@psu.edu,Female,167.3.198.206
1511,Keane,MacBain,kmacbainbe@360.cn,Male,180.126.153.210
1512,Karlen,Paddy,kpaddybf@weibo.com,Female,68.70.104.55
1513,Callie,Stubbins,cstubbinsbg@dmoz.org,Female,194.166.18.205
1514,Ingeberg,Haythorn,ihaythornbh@prnewswire.com,Female,49.156.115.81
1515,Filberto,Lorrain,florrainbi@latimes.com,Male,58.161.190.164
1516,Shannan,Schubuser,sschubuserbj@lycos.com,Male,86.61.27.25
1517,Sarina,Pagan,spaganbk@sourceforge.net,Female,227.206.27.250
1518,Otes,Romke,oromkebl@ameblo.jp,Male,75.172.68.213
1519,Vinny,Wolvey,vwolveybm@smh.com.au,Male,71.168.38.32
1520,Hetti,Gartin,hgartinbn@businessinsider.com,Female,122.160.126.140
1521,Renado,Routhorn,rrouthornbo@bloglovin.com,Male,10.95.192.14
1522,Minerva,Rivenzon,mrivenzonbp@si.edu,Female,41.148.50.234
1523,Celinka,Shelmardine,cshelmardinebq@washington.edu,Agender,150.47.202.231
1524,Gaye,Lawtie,glawtiebr@telegraph.co.uk,Female,212.133.238.174
1525,Kevin,Lomas,klomasbs@posterous.com,Male,5.179.16.217
1526,Odo,Holdin,oholdinbt@homestead.com,Male,121.69.78.209
1527,Reynold,Giovannetti,rgiovannettibu@bandcamp.com,Male,133.69.173.177
1528,Ebenezer,Kuzma,ekuzmabv@t.co,Male,199.8.237.241
1529,Kellby,Kryszkiecicz,kkryszkieciczbw@nymag.com,Male,53.137.67.156
1530,Inge,Filipczynski,ifilipczynskibx@theglobeandmail.com,Female,101.165.152.252
1531,Avril,Gilliatt,agilliattby@cdbaby.com,Female,149.109.13.18
1532,Luke,MacGillivrie,lmacgillivriebz@addtoany.com,Male,169.166.100.11
1533,Cody,Sipson,csipsonc0@businessinsider.com,Male,127.114.140.107
1534,Paolina,Cubin,pcubinc1@quantcast.com,Female,183.69.110.222
1535,Natassia,Cutbirth,ncutbirthc2@nationalgeographic.com,Female,231.224.228.95
1536,Mandy,Basnett,mbasnettc3@cbsnews.com,Female,181.19.112.125
1537,Tito,Lush,tlushc4@histats.com,Male,180.227.77.245
1538,Stirling,Jaycocks,sjaycocksc5@arstechnica.com,Male,28.211.107.187
1539,Jefferson,Kinkade,jkinkadec6@sitemeter.com,Male,68.122.90.193
1540,Patti,Balharrie,pbalharriec7@jigsy.com,Female,24.153.131.30
1541,Nerissa,Beauly,nbeaulyc8@cocolog-nifty.com,Female,244.212.215.191
1542,Rosette,Ferruzzi,rferruzzic9@linkedin.com,Bigender,179.116.252.37
1543,Dion,Emms,demmsca@yolasite.com,Female,232.167.54.22
1544,Haily,Brouwer,hbrouwercb@unc.edu,Female,45.254.149.132
1545,Carina,Marshfield,cmarshfieldcc@dot.gov,Female,219.117.83.93
1546,Davey,Mechic,dmechiccd@cbc.ca,Male,225.14.102.72
1547,Adlai,Firidolfi,afiridolfice@tiny.cc,Male,29.33.94.93
1548,Annetta,Pople,apoplecf@cnet.com,Female,38.244.175.1
1549,Ariel,Scammell,ascammellcg@posterous.com,Female,155.250.104.0
1550,Mercie,Webland,mweblandch@miitbeian.gov.cn,Non-binary,222.80.185.228
1551,Barde,Goucher,bgoucherci@over-blog.com,Male,105.13.163.22
1552,Zitella,Mully,zmullycj@unc.edu,Female,23.113.204.116
1553,Andras,MacAless,amacalessck@vk.com,Male,27.158.106.26
1554,Todd,Marten,tmartencl@gmpg.org,Polygender,33.95.55.131
1555,Ricki,Kilgannon,rkilgannoncm@state.gov,Male,188.147.137.230
1556,Marissa,Bryer,mbryercn@nih.gov,Female,239.53.254.119
1557,Ailey,Euler,aeulerco@github.io,Female,143.166.41.211
1558,Veda,Biaggioni,vbiaggionicp@engadget.com,Genderfluid,170.91.190.181
1559,Tarrah,Peter,tpetercq@pbs.org,Female,217.165.44.237
1560,Angelico,Plumb,aplumbcr@people.com.cn,Agender,114.121.77.81
1561,Leland,McIlreavy,lmcilreavycs@utexas.edu,Female,64.168.188.250
1562,Kaine,Mulcahy,kmulcahyct@pbs.org,Male,49.48.83.178
1563,Ervin,Bahike,ebahikecu@blogs.com,Male,50.103.1.151
1564,Rahal,Duddell,rduddellcv@wikimedia.org,Female,212.13.112.36
1565,Brewster,Gillespie,bgillespiecw@drupal.org,Male,116.110.203.137
1566,Libbey,Gonnet,lgonnetcx@yolasite.com,Polygender,46.3.152.242
1567,Casie,Rainon,crainoncy@youtu.be,Female,26.36.233.69
1568,Kaela,Cornill,kcornillcz@blogspot.com,Female,73.165.224.65
1569,Berte,Kilgannon,bkilgannond0@blogspot.com,Female,79.174.141.82
1570,Archaimbaud,Vineall,avinealld1@about.com,Male,95.165.231.45
1571,Donnell,Bangiard,dbangiardd2@noaa.gov,Male,18.143.209.97
1572,Putnam,Sumnall,psumnalld3@gmpg.org,Non-binary,209.5.94.183
1573,Curcio,Probbings,cprobbingsd4@behance.net,Male,146.151.82.225
1574,Atlanta,Reddie,areddied5@npr.org,Female,237.88.235.19
1575,Aliza,Lant,alantd6@stanford.edu,Bigender,138.245.143.162
1576,Barney,Rouse,broused7@instagram.com,Male,5.124.48.130
1577,Ninon,Swayte,nswayted8@de.vu,Female,85.224.106.54
1578,Carie,Ring,cringd9@house.gov,Female,82.124.93.134
1579,Diann,Sjostrom,dsjostromda@blogs.com,Female,245.214.66.11
1580,Brig,Demchen,bdemchendb@discuz.net,Male,155.234.136.6
1581,Wallis,Glyn,wglyndc@seesaa.net,Male,93.197.18.61
1582,Eileen,Spurritt,espurrittdd@wordpress.org,Female,250.87.104.213
1583,Kellen,Thwaite,kthwaitede@columbia.edu,Male,89.227.62.195
1584,Baldwin,Stuehmeyer,bstuehmeyerdf@printfriendly.com,Male,222.30.138.254
1585,Jacob,Grigoli,jgrigolidg@slate.com,Male,56.241.212.59
1586,Cornelius,Halford,chalforddh@behance.net,Male,138.126.143.39
1587,Lorne,Lamblin,llamblindi@php.net,Male,243.132.212.52
1588,Thornie,Chrispin,tchrispindj@wiley.com,Male,71.251.33.202
1589,Renard,Koomar,rkoomardk@imdb.com,Male,48.183.44.14
1590,Vidovik,Quartermain,vquartermaindl@icq.com,Male,76.14.28.165
1591,Olenolin,Stockman,ostockmandm@hostgator.com,Male,30.83.227.115
1592,Odell,Van der Brugge,ovanderbruggedn@imgur.com,Male,45.42.152.255
1593,Rod,Greenier,rgreenierdo@cisco.com,Male,27.22.240.242
1594,Jorey,Keat,jkeatdp@bandcamp.com,Female,21.172.59.53
1595,Estevan,Bowdon,ebowdondq@shinystat.com,Male,67.176.244.195
1596,Iorgo,Appleford,iappleforddr@microsoft.com,Male,225.117.188.170
1597,Ami,Fagence,afagenceds@hud.gov,Genderfluid,118.114.78.30
1598,Willi,Iwanczyk,wiwanczykdt@ed.gov,Male,150.29.151.230
1599,Barr,Sangster,bsangsterdu@delicious.com,Male,47.220.175.46
1600,Jose,Ellerey,jellereydv@uiuc.edu,Male,161.51.142.118
1601,Frederic,De La Salle,fdelasalledw@amazon.co.uk,Male,147.38.240.42
1602,Candice,Baverstock,cbaverstockdx@mozilla.com,Non-binary,144.138.35.132
1603,Penny,Dawnay,pdawnaydy@imdb.com,Male,82.220.180.213
1604,Felipe,Chard,fcharddz@reuters.com,Male,203.152.65.190
1605,Sammy,Tessington,stessingtone0@google.com.au,Female,179.102.166.108
1606,Pippa,Blenkharn,pblenkharne1@rakuten.co.jp,Female,121.165.128.42
1607,Caresa,Leal,cleale2@php.net,Female,209.215.8.66
1608,Josee,Poppy,jpoppye3@mlb.com,Female,79.161.153.211
1609,Nollie,Yaknov,nyaknove4@nature.com,Female,113.103.202.219
1610,Tyson,Villa,tvillae5@zdnet.com,Male,108.221.112.200
1611,Stephine,Morphey,smorpheye6@prweb.com,Female,65.244.152.245
1612,Alexandro,Gainsbury,againsburye7@samsung.com,Male,9.192.3.180
1613,Peder,Semiraz,psemiraze8@1und1.de,Agender,3.53.209.46
1614,Durante,Avesque,davesquee9@alexa.com,Male,173.15.91.239
1615,Launce,Cundy,lcundyea@mail.ru,Male,144.95.59.91
1616,Aldis,Fossey,afosseyeb@cocolog-nifty.com,Male,188.226.140.126
1617,Damian,Danielsson,ddanielssonec@dion.ne.jp,Male,97.243.176.85
1618,Idaline,Sacher,isachered@prnewswire.com,Female,76.111.120.184
1619,Duane,Ellgood,dellgoodee@mozilla.com,Male,172.25.182.33
1620,Saba,Tiffin,stiffinef@bloomberg.com,Female,187.59.74.15
1621,Vernon,Boatright,vboatrighteg@i2i.jp,Male,83.200.73.130
1622,Michell,Newbold,mnewboldeh@amazon.co.uk,Female,24.155.107.98
1623,Elberta,Porte,eporteei@irs.gov,Female,211.73.81.180
1624,Roz,Gudgen,rgudgenej@huffingtonpost.com,Female,23.196.252.126
1625,Kliment,Vernazza,kvernazzaek@amazonaws.com,Male,255.99.68.54
1626,Town,Reilinger,treilingerel@bravesites.com,Male,243.71.121.234
1627,Waring,Penke,wpenkeem@ca.gov,Male,228.175.137.251
1628,Hymie,Farny,hfarnyen@cdc.gov,Male,112.100.159.150
1629,Rodge,Imort,rimorteo@themeforest.net,Male,90.44.186.181
1630,Georgiana,Candlish,gcandlishep@myspace.com,Female,177.36.95.83
1631,Dennis,Lucio,dlucioeq@smh.com.au,Male,54.190.91.40
1632,Opalina,Wooffitt,owooffitter@example.com,Female,216.168.142.127
1633,Silvan,Jacquemy,sjacquemyes@youtube.com,Male,66.16.103.68
1634,Sully,Cabrales,scabraleset@goo.ne.jp,Male,60.168.191.5
1635,Christie,Comer,ccomereu@nyu.edu,Male,238.106.30.23
1636,Kennedy,Cantos,kcantosev@cafepress.com,Male,135.150.71.49
1637,Jo,Thys,jthysew@youku.com,Male,253.32.47.104
1638,Lillian,Colson,lcolsonex@mtv.com,Female,128.4.73.87
1639,Lusa,Hinz,lhinzey@live.com,Female,90.96.179.167
1640,Katina,Van Der Weedenburg,kvanderweedenburgez@google.co.uk,Female,151.193.4.39
1641,Caron,Blues,cbluesf0@ameblo.jp,Female,45.237.75.235
1642,Leland,Groger,lgrogerf1@google.pl,Male,155.156.32.213
1643,Collen,Craister,ccraisterf2@tinypic.com,Female,196.18.173.1
1644,Cissy,Chettle,cchettlef3@gizmodo.com,Female,179.194.152.100
1645,Gerrard,Alleburton,galleburtonf4@npr.org,Male,14.51.157.127
1646,Rodolph,Hanhardt,rhanhardtf5@timesonline.co.uk,Male,202.48.245.63
1647,Spense,Claybourne,sclaybournef6@globo.com,Male,79.206.167.216
1648,Elsworth,Winscum,ewinscumf7@mozilla.org,Male,14.54.214.171
1649,Irena,Tenpenny,itenpennyf8@tuttocitta.it,Genderfluid,96.133.23.38
1650,Claire,Daelman,cdaelmanf9@oaic.gov.au,Female,68.223.96.56
1651,Krisha,Smedmore,ksmedmorefa@xinhuanet.com,Male,147.33.241.215
1652,Livy,Thunder,lthunderfb@usatoday.com,Bigender,183.134.116.7
1653,Dolph,Waye,dwayefc@fda.gov,Male,224.62.221.193
1654,Phedra,Greenshiels,pgreenshielsfd@geocities.jp,Female,47.73.160.185
1655,Alysia,Jaime,ajaimefe@theguardian.com,Female,205.213.68.233
1656,Ingrim,Pevreal,ipevrealff@woothemes.com,Male,200.161.197.210
1657,Kendell,Tropman,ktropmanfg@house.gov,Male,42.78.68.24
1658,Dell,Ivanchin,divanchinfh@cdbaby.com,Female,74.104.119.153
1659,Thomasine,Larchiere,tlarchierefi@hc360.com,Polygender,231.96.61.132
1660,Elisabeth,Herculson,eherculsonfj@joomla.org,Female,20.130.15.183
1661,Tobey,Dowyer,tdowyerfk@cdc.gov,Female,237.203.92.55
1662,Park,Bowditch,pbowditchfl@washington.edu,Male,35.111.99.170
1663,Brandy,Northam,bnorthamfm@bizjournals.com,Male,165.248.174.234
1664,Mallory,Ivell,mivellfn@jiathis.com,Male,59.90.99.201
1665,Leonerd,Hazeltine,lhazeltinefo@php.net,Male,165.255.249.226
1666,Roxie,Blunkett,rblunkettfp@marriott.com,Female,156.244.232.238
1667,Shaylah,Gallelli,sgallellifq@e-recht24.de,Female,124.237.89.174
1668,Maribel,Zanioletti,mzaniolettifr@ftc.gov,Genderqueer,18.166.20.141
1669,Gui,Lennox,glennoxfs@hatena.ne.jp,Female,11.160.114.64
1670,Conant,O'Dougherty,codoughertyft@google.it,Male,124.244.62.164
1671,Mateo,Sacher,msacherfu@ox.ac.uk,Male,94.40.198.237
1672,Tiff,Danielsson,tdanielssonfv@netscape.com,Female,75.141.73.45
1673,Augustin,Rossetti,arossettifw@home.pl,Male,191.221.216.239
1674,Orson,Slixby,oslixbyfx@bizjournals.com,Agender,54.16.159.192
1675,Orton,Whorlow,owhorlowfy@howstuffworks.com,Male,90.95.158.206
1676,Reine,Stranaghan,rstranaghanfz@tinyurl.com,Female,143.140.160.206
1677,Eyde,Delete,edeleteg0@prlog.org,Non-binary,145.116.7.131
1678,Quincey,Medcalfe,qmedcalfeg1@joomla.org,Male,164.102.151.20
1679,Drucill,Buddell,dbuddellg2@dropbox.com,Female,236.112.71.55
1680,Friedrick,Wyant,fwyantg3@themeforest.net,Male,26.121.64.199
1681,Karlen,Allsup,kallsupg4@reuters.com,Female,133.19.46.63
1682,Alyson,Olekhov,aolekhovg5@businessweek.com,Female,217.77.178.123
1683,Blinny,Reek,breekg6@gravatar.com,Female,74.20.150.237
1684,Abba,Crowne,acrowneg7@pbs.org,Genderqueer,25.183.112.130
1685,Dana,Grayshon,dgrayshong8@geocities.jp,Female,106.182.70.194
1686,Neda,Stickford,nstickfordg9@vistaprint.com,Genderqueer,77.201.84.193
1687,Sanderson,McKoy,smckoyga@time.com,Male,128.215.121.113
1688,Kendal,Pedden,kpeddengb@google.co.uk,Male,94.191.173.47
1689,Walsh,Sedge,wsedgegc@nationalgeographic.com,Male,83.23.54.112
1690,Maddy,Colman,mcolmangd@independent.co.uk,Female,41.141.175.237
1691,Ronni,Terzza,rterzzage@tuttocitta.it,Female,82.169.169.9
1692,Shaine,Jarry,sjarrygf@goo.ne.jp,Male,35.124.224.121
1693,Ula,Vial,uvialgg@google.fr,Female,110.229.253.92
1694,Web,De Malchar,wdemalchargh@eepurl.com,Male,23.34.252.143
1695,Eula,Deeth,edeethgi@china.com.cn,Female,62.0.188.181
1696,Gilda,Bryns,gbrynsgj@4shared.com,Agender,2.89.163.92
1697,Shamus,Mantrip,smantripgk@unesco.org,Male,132.101.47.43
1698,Selene,Antalffy,santalffygl@vkontakte.ru,Female,254.149.90.46
1699,Russell,Lindholm,rlindholmgm@acquirethisname.com,Male,169.111.255.45
1700,Emmalyn,Horsey,ehorseygn@nasa.gov,Genderqueer,1.146.177.212
1701,Danya,Tranter,dtrantergo@slate.com,Female,246.39.167.245
1702,Brietta,Fardo,bfardogp@bluehost.com,Female,168.164.209.137
1703,Bendite,Snalom,bsnalomgq@qq.com,Female,232.128.185.138
1704,Constantia,Swanston,cswanstongr@google.it,Female,247.210.54.81
1705,Marlane,Heinsen,mheinsengs@netvibes.com,Female,52.225.132.157
1706,Hedy,Goudman,hgoudmangt@salon.com,Female,22.52.211.156
1707,Ramon,Tomowicz,rtomowiczgu@geocities.com,Male,105.11.12.46
1708,Huntington,Sherreard,hsherreardgv@lulu.com,Male,222.105.209.168
1709,Bryanty,Koopman,bkoopmangw@friendfeed.com,Male,119.180.182.232
1710,Selestina,Halford,shalfordgx@slate.com,Female,203.223.167.63
1711,Elston,Fantham,efanthamgy@macromedia.com,Male,210.185.225.249
1712,Cairistiona,Infantino,cinfantinogz@spotify.com,Female,145.179.158.89
1713,Audy,Llorens,allorensh0@chicagotribune.com,Female,246.41.111.170
1714,Shawna,Sorensen,ssorensenh1@hostgator.com,Female,252.7.201.23
1715,Quinlan,Townsley,qtownsleyh2@answers.com,Male,51.165.141.218
1716,Hallsy,Messent,hmessenth3@behance.net,Male,28.42.62.142
1717,Bernard,Niese,bnieseh4@mapquest.com,Male,91.217.59.210
1718,Justis,Sliman,jslimanh5@friendfeed.com,Male,43.163.84.15
1719,Orv,Brick,obrickh6@deliciousdays.com,Male,168.133.59.130
1720,Thornton,Levane,tlevaneh7@google.ca,Male,119.19.238.185
1721,Shelby,Points,spointsh8@merriam-webster.com,Male,154.215.237.121
1722,Finley,Strood,fstroodh9@arstechnica.com,Genderfluid,70.46.36.7
1723,Tami,Dinneen,tdinneenha@nymag.com,Female,59.184.213.76
1724,Paxton,Winchester,pwinchesterhb@usatoday.com,Male,94.117.187.113
1725,Dru,Bassick,dbassickhc@4shared.com,Female,175.123.26.49
1726,Brittne,Dunrige,bdunrigehd@mysql.com,Female,119.84.73.1
1727,Wenona,Charon,wcharonhe@nbcnews.com,Female,11.205.171.116
1728,Gard,Augustin,gaugustinhf@youtu.be,Male,124.143.226.141
1729,Noelyn,Freckelton,nfreckeltonhg@dyndns.org,Female,173.119.198.213
1730,Otto,Kendle,okendlehh@phpbb.com,Male,128.94.186.115
1731,Alaster,Prandoni,aprandonihi@weebly.com,Male,102.197.43.201
1732,Walt,Mancell,wmancellhj@posterous.com,Male,11.159.222.74
1733,Nicol,Bendin,nbendinhk@cnet.com,Male,131.163.152.219
1734,Gleda,Gatherer,ggathererhl@dyndns.org,Female,74.1.199.49
1735,Berk,McVity,bmcvityhm@imageshack.us,Genderfluid,143.78.156.40
1736,Rosette,Shewery,rsheweryhn@soundcloud.com,Female,217.208.141.104
1737,Damara,Lewerenz,dlewerenzho@senate.gov,Female,64.244.4.104
1738,Moise,Stoves,mstoveshp@businessinsider.com,Male,89.101.197.224
1739,Georas,Dunkerk,gdunkerkhq@exblog.jp,Male,174.29.97.88
1740,Carol,Fursey,cfurseyhr@myspace.com,Agender,227.81.97.244
1741,Leeann,Scrigmour,lscrigmourhs@artisteer.com,Female,93.187.127.112
1742,Lothaire,MacRury,lmacruryht@ameblo.jp,Male,114.158.23.143
1743,Stan,McPhail,smcphailhu@psu.edu,Male,55.224.114.207
1744,Karoline,MacCome,kmaccomehv@shareasale.com,Female,227.233.23.237
1745,Minnnie,Fouch,mfouchhw@telegraph.co.uk,Female,158.143.71.95
1746,Alistair,Coade,acoadehx@about.me,Male,239.245.37.240
1747,Cosetta,Haddacks,chaddackshy@sogou.com,Female,131.73.136.190
1748,Pier,Molson,pmolsonhz@cnbc.com,Female,169.2.28.7
1749,Standford,Hammersley,shammersleyi0@webs.com,Male,192.24.34.214
1750,Veronika,Jonke,vjonkei1@flavors.me,Female,237.178.203.255
1751,Sonnie,Eppson,seppsoni2@springer.com,Female,243.91.90.56
1752,Helli,Ashpole,hashpolei3@hhs.gov,Female,222.241.185.25
1753,Nonah,Hirtz,nhirtzi4@bizjournals.com,Female,206.177.70.164
1754,Elysee,Pash,epashi5@nba.com,Female,203.74.74.47
1755,Myles,Clac,mclaci6@stumbleupon.com,Male,129.208.44.128
1756,Elise,Kryska,ekryskai7@yolasite.com,Non-binary,182.143.12.235
1757,Perri,Lunnon,plunnoni8@marketwatch.com,Female,113.25.40.226
1758,Raff,Baudinot,rbaudinoti9@blogtalkradio.com,Male,158.96.97.31
1759,Odilia,Coghill,ocoghillia@china.com.cn,Female,159.142.129.11
1760,Leshia,Sifleet,lsifleetib@delicious.com,Female,172.56.43.28
1761,Carlynne,Dandy,cdandyic@theglobeandmail.com,Female,174.74.222.136
1762,Edan,Gerritsma,egerritsmaid@dedecms.com,Male,77.137.16.71
1763,Benni,Searight,bsearightie@timesonline.co.uk,Female,233.219.96.53
1764,Rodrigo,Crowden,rcrowdenif@dailymail.co.uk,Male,138.202.201.230
1765,Horatio,Grigorini,hgrigoriniig@soup.io,Male,60.79.64.16
1766,Thedrick,Norsister,tnorsisterih@hugedomains.com,Male,53.202.179.138
1767,Waldo,Couronne,wcouronneii@bizjournals.com,Male,243.223.189.187
1768,Rodolfo,Raithby,rraithbyij@bloomberg.com,Male,26.125.229.251
1769,Lynelle,Schroeder,lschroederik@netscape.com,Female,39.213.41.28
1770,Gage,Sabathier,gsabathieril@woothemes.com,Male,61.4.170.104
1771,Agnola,Carlin,acarlinim@mozilla.org,Female,153.69.61.95
1772,Cecile,Ram,cramin@ucoz.ru,Female,232.165.26.32
1773,Garnette,Brimble,gbrimbleio@redcross.org,Female,201.186.101.44
1774,Timmie,Fatharly,tfatharlyip@npr.org,Male,0.94.194.3
1775,Heall,O'Neil,honeiliq@purevolume.com,Non-binary,226.243.240.136
1776,Raynard,Antecki,ranteckiir@examiner.com,Genderfluid,140.239.124.167
1777,Cyndia,Creggan,ccregganis@wired.com,Female,29.67.81.62
1778,Florri,Crucitti,fcrucittiit@blogs.com,Female,20.245.210.161
1779,Loretta,Caukill,lcaukilliu@ustream.tv,Female,251.109.172.83
1780,Elva,Morritt,emorrittiv@ox.ac.uk,Female,102.215.123.237
1781,Alfredo,Kernar,akernariw@hatena.ne.jp,Male,234.254.9.226
1782,Korrie,Assaf,kassafix@senate.gov,Female,13.63.148.179
1783,Demetria,Vinck,dvinckiy@eepurl.com,Female,147.124.91.168
1784,Currey,Farmloe,cfarmloeiz@huffingtonpost.com,Male,199.13.105.192
1785,Yancy,Faldoe,yfaldoej0@bbb.org,Male,91.249.175.47
1786,Blane,Order,borderj1@free.fr,Male,49.205.78.248
1787,Nerty,Burchmore,nburchmorej2@mac.com,Female,19.189.167.52
1788,Alberik,Downer,adownerj3@bloomberg.com,Male,22.24.126.72
1789,Minni,Maria,mmariaj4@geocities.com,Polygender,193.244.248.105
1790,Dene,Murkitt,dmurkittj5@tiny.cc,Male,224.6.183.0
1791,Garnet,Cubuzzi,gcubuzzij6@ustream.tv,Female,248.101.57.59
1792,Maximo,Simonsen,msimonsenj7@ca.gov,Male,243.184.107.202
1793,Ruthie,Waddingham,rwaddinghamj8@nps.gov,Female,70.163.174.143
1794,Blondie,Aldins,baldinsj9@mayoclinic.com,Female,69.14.180.84
1795,Hardy,Howison,hhowisonja@wordpress.org,Male,229.75.28.147
1796,Alfred,Halladay,ahalladayjb@google.de,Male,105.71.3.203
1797,Carl,Skrines,cskrinesjc@about.com,Male,123.52.159.42
1798,Horatia,MacCahee,hmaccaheejd@si.edu,Polygender,25.90.145.31
1799,Norrie,Newham,nnewhamje@free.fr,Female,192.76.68.45
1800,Gaspard,Ipwell,gipwelljf@woothemes.com,Male,135.19.161.49
1801,Maximilianus,Sinderland,msinderlandjg@facebook.com,Male,200.145.46.252
1802,Claudius,Leavry,cleavryjh@paginegialle.it,Male,151.225.159.144
1803,Worth,Mc Gaughey,wmcgaugheyji@domainmarket.com,Male,164.76.22.226
1804,Murry,Chesnay,mchesnayjj@unblog.fr,Male,204.149.138.247
1805,Hebert,Nicholas,hnicholasjk@elpais.com,Male,230.35.83.187
1806,Kimmy,Kidd,kkiddjl@wufoo.com,Female,127.174.67.171
1807,Chrisse,Chisholme,cchisholmejm@gizmodo.com,Male,186.204.92.242
1808,Rowan,Berrycloth,rberryclothjn@columbia.edu,Male,29.172.111.10
1809,Guendolen,Grouvel,ggrouveljo@earthlink.net,Female,54.245.69.70
1810,Melba,Landrick,mlandrickjp@pbs.org,Female,16.208.7.239
1811,Tait,Marshman,tmarshmanjq@epa.gov,Male,174.80.17.28
1812,Clarke,Ashelford,cashelfordjr@spotify.com,Male,124.80.38.147
1813,Joete,Riteley,jriteleyjs@army.mil,Agender,62.57.16.30
1814,Emiline,Hannan,ehannanjt@dailymotion.com,Female,125.98.58.155
1815,Melvin,Castellino,mcastellinoju@dagondesign.com,Male,40.30.49.45
1816,Ronni,Hollyar,rhollyarjv@pagesperso-orange.fr,Female,120.62.33.15
1817,Rosalinda,Chagg,rchaggjw@businessinsider.com,Female,67.37.0.145
1818,Legra,Prestidge,lprestidgejx@mtv.com,Female,28.172.209.116
1819,Breena,Theriot,btheriotjy@hibu.com,Female,140.19.179.144
1820,Otho,Farnaby,ofarnabyjz@google.pl,Male,134.147.151.205
1821,Georgie,Grelik,ggrelikk0@yandex.ru,Male,19.26.66.41
1822,Genni,Havenhand,ghavenhandk1@squarespace.com,Female,163.50.148.210
1823,Emmett,Cammomile,ecammomilek2@independent.co.uk,Male,164.93.154.66
1824,Claudianus,Neeves,cneevesk3@baidu.com,Male,7.63.156.41
1825,Zsa zsa,Yerby,zyerbyk4@shutterfly.com,Female,245.194.210.142
1826,Douglass,Creer,dcreerk5@flickr.com,Male,248.100.168.108
1827,Linnet,Crollman,lcrollmank6@state.tx.us,Female,62.45.165.71
1828,Mikael,Orvis,morvisk7@dailymotion.com,Male,167.85.151.69
1829,Flossie,Beves,fbevesk8@ftc.gov,Female,131.187.188.219
1830,Rahel,Overnell,rovernellk9@icq.com,Bigender,48.100.227.95
1831,Carolus,Harmson,charmsonka@sfgate.com,Male,56.238.95.1
1832,Cchaddie,Gettens,cgettenskb@yahoo.co.jp,Male,82.95.102.207
1833,Benedetta,Paolinelli,bpaolinellikc@senate.gov,Female,0.229.107.210
1834,Quincey,Adamski,qadamskikd@dropbox.com,Male,33.5.214.105
1835,Emlyn,Lovart,elovartke@spotify.com,Female,210.16.79.181
1836,Arlie,Hubble,ahubblekf@go.com,Female,123.101.184.41
1837,Hobie,Lamborne,hlambornekg@toplist.cz,Male,9.181.171.60
1838,Nikolai,Conisbee,nconisbeekh@goo.ne.jp,Agender,248.204.122.30
1839,Madge,Rawlins,mrawlinski@pcworld.com,Female,114.212.20.55
1840,Waite,Scala,wscalakj@com.com,Male,47.91.218.137
1841,Aeriel,Sparshutt,asparshuttkk@behance.net,Genderfluid,107.202.115.69
1842,Say,Boulger,sboulgerkl@whitehouse.gov,Agender,229.103.231.26
1843,Daren,Goalley,dgoalleykm@webnode.com,Male,251.137.211.66
1844,Piotr,Guido,pguidokn@mayoclinic.com,Male,57.194.177.155
1845,Lambert,Ferrucci,lferrucciko@webs.com,Male,91.181.126.161
1846,Eugenius,Duetschens,eduetschenskp@ifeng.com,Male,182.29.137.177
1847,Avrit,Fend,afendkq@about.me,Female,251.237.209.212
1848,Kristal,Pallasch,kpallaschkr@google.cn,Female,9.174.60.56
1849,Joceline,Sinyard,jsinyardks@wikipedia.org,Female,239.144.122.8
1850,Augusto,Doleman,adolemankt@illinois.edu,Male,8.146.182.177
1851,Reilly,Robichon,rrobichonku@slate.com,Male,83.203.164.132
1852,Dudley,Stirzaker,dstirzakerkv@fastcompany.com,Male,190.49.176.176
1853,Karena,Clerke,kclerkekw@so-net.ne.jp,Female,84.75.189.203
1854,Jessy,Slark,jslarkkx@shareasale.com,Female,74.214.156.37
1855,Phaedra,Lyvon,plyvonky@moonfruit.com,Female,178.223.119.89
1856,Cristian,Kettlestring,ckettlestringkz@wikipedia.org,Male,112.115.99.112
1857,Cyril,Pritchitt,cpritchittl0@w3.org,Male,251.49.244.250
1858,Edlin,Posselow,eposselowl1@hhs.gov,Male,246.43.170.34
1859,Kinnie,Abrahmovici,kabrahmovicil2@list-manage.com,Male,106.103.203.204
1860,Bruce,Tubble,btubblel3@fastcompany.com,Male,231.129.87.158
1861,Cassandra,Yushkov,cyushkovl4@yale.edu,Female,83.76.231.211
1862,Yevette,Habbon,yhabbonl5@hhs.gov,Female,36.151.65.126
1863,Stanislas,Tommasi,stommasil6@fc2.com,Male,55.152.184.202
1864,Ken,Beldom,kbeldoml7@newsvine.com,Male,180.233.222.27
1865,Zollie,Denkel,zdenkell8@china.com.cn,Male,143.62.239.84
1866,Amy,Fairburne,afairburnel9@nbcnews.com,Female,90.230.76.110
1867,Myrwyn,Bennit,mbennitla@ehow.com,Male,187.251.79.72
1868,Jo-anne,Ysson,jyssonlb@skyrock.com,Female,53.125.40.165
1869,Diena,Hegden,dhegdenlc@amazon.de,Female,62.242.228.239
1870,Sherlock,Thorp,sthorpld@redcross.org,Male,180.105.61.143
1871,Luther,Taysbil,ltaysbille@shop-pro.jp,Male,153.100.23.111
1872,Devin,Rown,drownlf@who.int,Male,89.123.231.235
1873,Tuck,Menichillo,tmenichillolg@flavors.me,Male,72.113.231.241
1874,Riane,Leisk,rleisklh@home.pl,Female,66.102.37.71
1875,Cirillo,McIlharga,cmcilhargali@rakuten.co.jp,Male,94.74.5.159
1876,Gabriel,Cattach,gcattachlj@ocn.ne.jp,Female,245.198.191.191
1877,Margeaux,Goulborn,mgoulbornlk@imgur.com,Female,111.215.206.147
1878,Estrellita,Housbey,ehousbeyll@epa.gov,Polygender,151.22.19.240
1879,Jodi,Ruslinge,jruslingelm@yellowbook.com,Female,146.13.252.211
1880,Elise,Attwooll,eattwoollln@weebly.com,Female,21.189.81.130
1881,Kirby,Hatchell,khatchelllo@friendfeed.com,Female,6.160.184.238
1882,Aloin,De Biasi,adebiasilp@4shared.com,Male,129.162.5.205
1883,Trevor,Sherston,tsherstonlq@purevolume.com,Male,213.218.102.220
1884,Arlyne,Syratt,asyrattlr@home.pl,Bigender,29.230.247.158
1885,Janith,Gornall,jgornallls@wikia.com,Genderqueer,203.204.35.187
1886,Sylvan,St. Ledger,sstledgerlt@wiley.com,Male,38.54.63.27
1887,Jessy,Hassewell,jhassewelllu@yale.edu,Genderfluid,200.4.215.145
1888,Briant,Nys,bnyslv@comsenz.com,Male,62.35.32.158
1889,Rosemaria,Capstake,rcapstakelw@examiner.com,Female,194.83.217.246
1890,Cchaddie,Nolder,cnolderlx@theatlantic.com,Male,104.179.51.225
1891,Monro,Buttfield,mbuttfieldly@dailymail.co.uk,Male,232.111.23.145
1892,Cornall,Duchart,cduchartlz@gizmodo.com,Male,88.247.209.130
1893,Sig,Sheen,ssheenm0@illinois.edu,Polygender,180.72.167.183
1894,Greg,Snap,gsnapm1@umich.edu,Male,234.180.198.227
1895,Lay,Leeb,lleebm2@howstuffworks.com,Male,139.50.252.157
1896,Ginger,Vanin,gvaninm3@seattletimes.com,Male,203.65.170.236
1897,Kirsteni,Mawdsley,kmawdsleym4@cmu.edu,Female,217.227.68.132
1898,Emmye,Pauncefort,epauncefortm5@networkadvertising.org,Female,68.85.73.249
1899,Sander,Carden,scardenm6@naver.com,Genderqueer,196.15.242.81
1900,Mattie,Doran,mdoranm7@hexun.com,Male,119.2.93.9
1901,Aldrich,Mazzeo,amazzeom8@businessinsider.com,Male,254.111.21.220
1902,Edita,Bispham,ebisphamm9@devhub.com,Female,50.90.209.134
1903,Garrek,Debney,gdebneyma@sciencedaily.com,Male,183.84.94.111
1904,Charis,Aucutt,caucuttmb@hatena.ne.jp,Female,56.95.111.211
1905,Bryce,Lapsley,blapsleymc@si.edu,Male,189.41.55.227
1906,Arty,Kenwin,akenwinmd@alexa.com,Male,102.91.2.33
1907,Maison,Dandie,mdandieme@gnu.org,Male,214.216.66.142
1908,Clark,McInility,cmcinilitymf@moonfruit.com,Male,88.219.194.203
1909,Ellswerth,Clell,eclellmg@yellowbook.com,Male,236.33.27.26
1910,Taddeo,Tomankowski,ttomankowskimh@salon.com,Male,61.11.172.71
1911,Ernestine,Baroux,ebarouxmi@ovh.net,Female,84.187.222.57
1912,Valdemar,Nelthorpe,vnelthorpemj@google.fr,Male,178.0.53.204
1913,Olympia,Elie,oeliemk@aboutads.info,Non-binary,224.94.46.37
1914,Oswald,Tilberry,otilberryml@salon.com,Male,30.71.180.188
1915,Blair,Barnett,bbarnettmm@e-recht24.de,Male,41.78.25.39
1916,Candice,Ailsbury,cailsburymn@hc360.com,Female,103.154.177.105
1917,Pippy,Waind,pwaindmo@unc.edu,Female,227.106.35.188
1918,Flossi,Connachan,fconnachanmp@blinklist.com,Female,212.228.90.184
1919,Georgina,Melburg,gmelburgmq@baidu.com,Female,104.123.175.36
1920,Kristin,Busfield,kbusfieldmr@reuters.com,Female,177.1.161.65
1921,Mathe,Sackett,msackettms@census.gov,Genderqueer,225.150.107.245
1922,Cecilius,Vibert,cvibertmt@noaa.gov,Male,198.196.16.107
1923,Caty,Rushforth,crushforthmu@behance.net,Female,179.219.68.122
1924,Tamara,Killough,tkilloughmv@elegantthemes.com,Female,250.218.73.30
1925,Magdaia,Gillespie,mgillespiemw@webmd.com,Female,234.100.122.78
1926,Milty,Dangl,mdanglmx@tumblr.com,Male,160.119.10.217
1927,Kathlin,Bottoms,kbottomsmy@squarespace.com,Bigender,20.117.10.147
1928,Allister,McGuire,amcguiremz@ox.ac.uk,Male,160.83.113.227
1929,Trix,Tunmore,ttunmoren0@over-blog.com,Female,205.91.249.101
1930,Camellia,Halm,chalmn1@biglobe.ne.jp,Female,3.250.173.164
1931,Jeanna,Daber,jdabern2@elpais.com,Female,70.67.211.40
1932,Sonny,Shaddock,sshaddockn3@harvard.edu,Male,215.180.13.132
1933,Agnes,Hammett,ahammettn4@economist.com,Female,65.71.129.32
1934,Sibella,Spry,sspryn5@sciencedirect.com,Female,48.229.15.82
1935,Reggi,Knowlden,rknowldenn6@icq.com,Female,148.247.141.182
1936,Zelma,Troutbeck,ztroutbeckn7@tuttocitta.it,Genderqueer,244.89.106.168
1937,Sigismundo,Heggman,sheggmann8@washington.edu,Genderqueer,143.224.34.138
1938,Christie,Leighton,cleightonn9@etsy.com,Male,35.211.132.235
1939,Shani,Van Salzberger,svansalzbergerna@paginegialle.it,Female,180.115.184.20
1940,Aidan,Just,ajustnb@mail.ru,Polygender,164.173.249.115
1941,Isidora,Killner,ikillnernc@home.pl,Female,214.73.141.18
1942,Dacia,Barnicott,dbarnicottnd@multiply.com,Female,48.70.132.239
1943,Orella,Agg,oaggne@weebly.com,Genderfluid,55.89.68.186
1944,Oralee,Brighouse,obrighousenf@spotify.com,Female,40.141.59.126
1945,Raimund,Waggett,rwaggettng@alexa.com,Male,153.124.108.189
1946,Keene,O'Fielly,kofiellynh@issuu.com,Male,207.105.108.72
1947,Naomi,Bradd,nbraddni@intel.com,Female,120.217.214.247
1948,Haily,Skidmore,hskidmorenj@dyndns.org,Male,121.105.150.209
1949,Sansone,Painten,spaintennk@epa.gov,Male,69.0.23.116
1950,Aeriell,Ferber,aferbernl@jiathis.com,Female,126.71.66.2
1951,Kitti,Barstowk,kbarstowknm@usatoday.com,Female,37.173.46.195
1952,Curtice,Ovenden,covendennn@state.gov,Male,174.43.25.76
1953,Minor,Arnet,marnetno@woothemes.com,Male,125.144.118.1
1954,Sasha,Brockbank,sbrockbanknp@cnet.com,Female,218.36.197.90
1955,Helenka,Artis,hartisnq@yahoo.com,Polygender,37.22.189.8
1956,Anatola,Daggett,adaggettnr@spiegel.de,Female,240.160.213.77
1957,Roxie,Ditzel,rditzelns@google.ru,Non-binary,101.19.13.109
1958,Orella,Guiot,oguiotnt@amazon.de,Genderqueer,145.37.102.60
1959,Gertrud,Hosby,ghosbynu@indiegogo.com,Female,63.131.93.243
1960,Hedda,Menichini,hmenichininv@timesonline.co.uk,Female,63.223.172.169
1961,Kathlin,Fassam,kfassamnw@people.com.cn,Non-binary,84.99.71.87
1962,Morley,Dwyr,mdwyrnx@instagram.com,Male,172.193.68.11
1963,Winnie,Blyth,wblythny@virginia.edu,Male,112.13.79.164
1964,Maryrose,Povele,mpovelenz@house.gov,Female,170.224.247.183
1965,Henrik,Ranald,hranaldo0@oracle.com,Male,219.29.235.19
1966,Jeannie,Clapton,jclaptono1@lycos.com,Female,11.54.170.70
1967,Benedick,Rhoades,brhoadeso2@addtoany.com,Male,230.199.110.221
1968,Sidnee,MacCahey,smaccaheyo3@yandex.ru,Male,244.49.43.0
1969,Nathalie,Agg,naggo4@homestead.com,Female,207.72.32.34
1970,Wyndham,Butts,wbuttso5@army.mil,Bigender,6.255.135.122
1971,Elwin,Huygen,ehuygeno6@gov.uk,Male,71.197.207.228
1972,Neda,Bryett,nbryetto7@opera.com,Female,146.141.23.250
1973,Jonathon,Merring,jmerringo8@who.int,Male,85.76.12.18
1974,Dilly,Rosevear,drosevearo9@toplist.cz,Male,0.94.142.124
1975,Webster,Hamments,whammentsoa@nymag.com,Male,63.250.100.59
1976,Tammara,McGrae,tmcgraeob@slate.com,Genderfluid,17.91.88.180
1977,Cherey,Urey,cureyoc@mac.com,Female,157.202.29.121
1978,Avrom,Ingraham,aingrahamod@bloglines.com,Male,126.42.22.198
1979,Stephani,Hannum,shannumoe@cpanel.net,Female,208.98.17.68
1980,Paxton,Cayle,pcayleof@time.com,Male,122.155.224.107
1981,Grenville,Espy,gespyog@ycombinator.com,Male,6.198.78.177
1982,Jedd,Zavattari,jzavattarioh@squarespace.com,Male,237.201.100.157
1983,Reynard,Rapson,rrapsonoi@smh.com.au,Male,68.80.71.25
1984,Todd,Bineham,tbinehamoj@parallels.com,Male,22.101.187.89
1985,Jone,Kettleson,jkettlesonok@npr.org,Male,191.235.60.37
1986,Honoria,Gavin,hgavinol@typepad.com,Female,123.15.236.71
1987,Ralph,Adicot,radicotom@hhs.gov,Male,235.200.68.80
1988,Kaine,Kiera,kkieraon@umich.edu,Male,135.73.109.156
1989,Connie,Feldklein,cfeldkleinoo@i2i.jp,Male,86.142.44.192
1990,Janessa,Meardon,jmeardonop@vistaprint.com,Female,166.17.239.161
1991,Ray,Peasby,rpeasbyoq@tinyurl.com,Male,185.175.8.123
1992,Fergus,Oxton,foxtonor@github.io,Male,130.169.178.254
1993,Devondra,Winborn,dwinbornos@123-reg.co.uk,Female,84.38.216.231
1994,Any,Heining,aheiningot@jiathis.com,Bigender,123.106.111.10
1995,Ashlin,Sloyan,asloyanou@vk.com,Male,112.71.26.217
1996,Happy,Arnaudet,harnaudetov@webs.com,Female,118.221.51.66
1997,Sybilla,Duthie,sduthieow@netvibes.com,Female,200.123.96.161
1998,Archie,Roj,arojox@jigsy.com,Male,63.65.222.232
1999,Stanislaw,Balthasar,sbalthasaroy@jiathis.com,Male,55.69.186.173
2000,Ethe,Matzl,ematzloz@wp.com,Male,179.253.117.158
2001,Charmane,Brookwood,cbrookwoodp0@oracle.com,Female,251.201.140.38
2002,Cazzie,Getch,cgetchp1@weather.com,Male,73.248.216.252
2003,Kendrick,Shemmin,kshemminp2@elpais.com,Male,104.124.58.28
2004,Heath,Charon,hcharonp3@technorati.com,Male,8.106.79.110
2005,Wally,Huygens,whuygensp4@kickstarter.com,Genderqueer,9.16.178.193
2006,Elena,McInally,emcinallyp5@mozilla.org,Female,61.232.229.45
2007,Mort,Bryett,mbryettp6@friendfeed.com,Bigender,212.98.100.32
2008,Hester,Samter,hsamterp7@bing.com,Female,146.101.230.169
2009,Marius,Shrieve,mshrievep8@amazon.de,Male,165.242.50.73
2010,Aldus,De Domenici,adedomenicip9@nydailynews.com,Male,99.82.151.217
2011,Jasper,Eykelhof,jeykelhofpa@rediff.com,Male,198.30.39.184
2012,Conny,Barosch,cbaroschpb@samsung.com,Genderfluid,105.150.191.137
2013,Alexandr,Dilliston,adillistonpc@google.cn,Male,208.216.141.239
2014,Eddie,Trimme,etrimmepd@delicious.com,Male,118.115.70.131
2015,Ollie,Jakoubek,ojakoubekpe@dot.gov,Bigender,75.200.180.242
2016,Earl,Newham,enewhampf@wikimedia.org,Male,94.86.10.94
2017,Luis,Nevison,lnevisonpg@issuu.com,Male,111.220.116.138
2018,Avrit,Shillitoe,ashillitoeph@ow.ly,Female,21.207.225.240
2019,Kenn,Coon,kcoonpi@washington.edu,Male,198.72.235.81
2020,Saraann,La Rosa,slarosapj@myspace.com,Bigender,183.198.6.167
2021,Natividad,Snap,nsnappk@blinklist.com,Female,238.17.1.166
2022,Cahra,Loveday,clovedaypl@discovery.com,Female,97.13.227.249
2023,Pepillo,Cownden,pcowndenpm@mit.edu,Male,155.188.247.46
2024,Frans,Tyas,ftyaspn@hubpages.com,Male,135.112.210.103
2025,Steffen,Purkins,spurkinspo@simplemachines.org,Male,140.223.5.11
2026,Melvin,Elgood,melgoodpp@skyrock.com,Male,30.237.62.202
2027,Ambros,Barthel,abarthelpq@lycos.com,Male,173.0.240.226
2028,Aldrich,Haacker,ahaackerpr@washington.edu,Male,210.168.92.46
2029,Durante,Evitt,devittps@va.gov,Male,30.18.221.148
2030,Guinevere,Hercules,gherculespt@discovery.com,Female,13.48.113.157
2031,Janel,Senescall,jsenescallpu@google.ru,Female,186.249.188.54
2032,Veronika,Fransson,vfranssonpv@foxnews.com,Female,136.252.45.85
2033,Hubert,Merrgan,hmerrganpw@quantcast.com,Male,245.221.115.175
2034,Denver,Quakley,dquakleypx@state.gov,Male,225.233.97.92
2035,Thaine,Sandeman,tsandemanpy@google.co.jp,Male,145.199.231.246
2036,Dud,Kondratovich,dkondratovichpz@ft.com,Male,39.208.110.160
2037,Kori,Lundbech,klundbechq0@furl.net,Agender,136.171.194.91
2038,Doe,Lougheed,dlougheedq1@plala.or.jp,Genderfluid,234.87.101.146
2039,Cash,Palumbo,cpalumboq2@tinyurl.com,Male,11.212.107.82
2040,Hilary,Schettini,hschettiniq3@cdbaby.com,Male,171.23.43.36
2041,Sandra,Allderidge,sallderidgeq4@theguardian.com,Bigender,167.27.36.191
2042,Saree,Plowman,splowmanq5@hubpages.com,Agender,244.204.89.219
2043,Sherlocke,Marchi,smarchiq6@apache.org,Male,98.244.195.109
2044,Jone,Pembridge,jpembridgeq7@w3.org,Male,70.66.59.255
2045,Lorna,Himsworth,lhimsworthq8@youtube.com,Female,132.182.145.87
2046,Morley,Yearn,myearnq9@businesswire.com,Male,92.247.70.35
2047,Alyssa,Rickell,arickellqa@g.co,Female,30.243.169.101
2048,Josephine,Daymont,jdaymontqb@usgs.gov,Female,115.192.22.156
2049,Ann,Nicholl,anichollqc@ihg.com,Bigender,31.121.123.20
2050,Kathleen,Yakebovitch,kyakebovitchqd@tripadvisor.com,Female,203.222.48.232
2051,Willow,Westnedge,wwestnedgeqe@ucsd.edu,Female,87.134.112.251
2052,Ave,Cow,acowqf@istockphoto.com,Male,95.161.150.197
2053,Alvis,Maddra,amaddraqg@hhs.gov,Male,107.252.135.33
2054,Elly,Verma,evermaqh@telegraph.co.uk,Female,214.41.24.202
2055,Ozzie,Poff,opoffqi@hexun.com,Non-binary,125.65.205.58
2056,Coop,Do Rosario,cdorosarioqj@spiegel.de,Male,233.249.73.84
2057,Katy,Donaway,kdonawayqk@dyndns.org,Genderfluid,221.160.152.109
2058,Jermayne,Evers,jeversql@1und1.de,Male,59.18.111.150
2059,Terrel,Messitt,tmessittqm@seesaa.net,Male,122.152.37.225
2060,Randal,Persey,rperseyqn@google.ru,Male,67.149.44.139
2061,Darlleen,Claisse,dclaisseqo@yellowpages.com,Female,99.80.12.157
2062,Heindrick,Lotterington,hlotteringtonqp@wordpress.org,Male,128.122.237.33
2063,Kelbee,Extence,kextenceqq@hud.gov,Male,60.35.233.90
2064,Daile,Bowser,dbowserqr@discovery.com,Female,44.103.137.7
2065,Bevin,Arrow,barrowqs@skype.com,Male,185.252.177.35
2066,Liam,Aldrin,laldrinqt@printfriendly.com,Male,245.138.152.46
2067,Lawrence,Olechnowicz,lolechnowiczqu@bloglines.com,Male,56.118.250.172
2068,Adelaida,Raysdale,araysdaleqv@telegraph.co.uk,Female,217.7.112.234
2069,Tasia,Lipyeat,tlipyeatqw@joomla.org,Female,170.144.5.117
2070,Turner,Scowen,tscowenqx@prlog.org,Male,97.75.253.59
2071,Luisa,McCromley,lmccromleyqy@pbs.org,Female,108.132.143.47
2072,Cindee,Verling,cverlingqz@phpbb.com,Female,60.142.200.120
2073,Hagen,Thebes,hthebesr0@sciencedaily.com,Male,180.5.251.165
2074,Desmund,Dosdill,ddosdillr1@blogger.com,Male,90.218.135.7
2075,Staci,Gaynsford,sgaynsfordr2@wired.com,Female,199.103.26.181
2076,Aurea,Batteson,abattesonr3@wikimedia.org,Female,206.32.85.146
2077,Alonso,Hitcham,ahitchamr4@wsj.com,Male,70.71.221.119
2078,Rubia,Rennox,rrennoxr5@unesco.org,Female,137.108.185.29
2079,Emmy,Wallach,ewallachr6@cbsnews.com,Male,74.114.77.100
2080,Baxter,Fitchell,bfitchellr7@fastcompany.com,Male,243.52.153.237
2081,Margarette,Thake,mthaker8@reddit.com,Female,235.190.224.77
2082,Artemis,Keigher,akeigherr9@army.mil,Male,116.30.189.201
2083,Hendrika,Pickersgill,hpickersgillra@nsw.gov.au,Female,226.229.228.80
2084,Janela,Webster,jwebsterrb@ameblo.jp,Female,100.210.54.220
2085,Lisle,Mourton,lmourtonrc@army.mil,Male,26.24.156.25
2086,Hoyt,Pinckard,hpinckardrd@lulu.com,Male,127.183.155.174
2087,Dawn,Jambrozek,djambrozekre@ezinearticles.com,Female,54.33.65.110
2088,Chryste,McKinlay,cmckinlayrf@bizjournals.com,Female,163.112.211.25
2089,Dori,Finnemore,dfinnemorerg@github.com,Female,139.179.96.187
2090,Omero,Gayton,ogaytonrh@vimeo.com,Male,48.123.93.107
2091,Starlin,Prati,spratiri@xing.com,Female,77.93.183.236
2092,Roseanna,Backman,rbackmanrj@discuz.net,Female,232.128.197.190
2093,Harland,Kibbel,hkibbelrk@php.net,Male,63.234.132.204
2094,Whittaker,Ruffell,wruffellrl@sogou.com,Male,87.163.116.198
2095,Bertie,Gillham,bgillhamrm@scientificamerican.com,Male,9.94.187.49
2096,Johann,Tierney,jtierneyrn@cbsnews.com,Male,95.57.250.225
2097,Evanne,Clarkin,eclarkinro@hao123.com,Female,119.253.221.203
2098,Ilene,Connal,iconnalrp@ning.com,Female,85.72.68.41
2099,Donetta,Penney,dpenneyrq@wikimedia.org,Female,254.49.28.136
2100,Otis,Held,oheldrr@gnu.org,Male,40.66.223.236
