id,first_name,last_name,email,gender,ip_address
101,Rowen,Castiello,rcastiello0@tmall.com,Agender,219.158.59.82
102,Kip,Boays,kboays1@aol.com,Female,72.90.231.83
103,Hobie,Hellmore,hhellmore2@pinterest.com,Male,39.95.76.58
104,Jacquenetta,Trembath,jtrembath3@miitbeian.gov.cn,Female,19.225.230.109
105,Amalle,Gonsalvo,agonsalvo4@examiner.com,Female,161.7.109.253
106,Portie,Lowndes,plowndes5@hibu.com,Male,87.208.213.156
107,Torin,Sirmon,tsirmon6@indiatimes.com,Male,195.155.116.223
108,Jemie,Hembrow,jhembrow7@artisteer.com,Female,43.23.20.110
109,Tabby,Alvarado,talvarado8@nyu.edu,Male,194.168.17.171
110,Spence,Kisar,skisar9@seattletimes.com,Male,6.68.56.81
111,Jefferey,Olivelli,jolivellia@nifty.com,Agender,219.26.153.126
112,Rodrique,Ganny,rgannyb@europa.eu,Male,74.103.12.149
113,Garvey,Pree,gpreec@tripadvisor.com,Male,51.117.190.141
114,Ruthy,Cord,rcordd@amazon.co.jp,Female,52.85.255.246
115,Mufinella,Arnott,marnotte@meetup.com,Genderqueer,57.146.103.68
116,Alwin,Dupey,adupeyf@php.net,Non-binary,112.180.213.92
117,Nola,Stoodale,nstoodaleg@eepurl.com,Female,219.196.160.12
118,Odelle,Pinchen,opinchenh@phoca.cz,Female,194.130.241.100
119,Jacky,Primrose,jprimrosei@tripod.com,Female,31.163.221.209
120,Mitch,Poad,mpoadj@privacy.gov.au,Male,177.174.93.200
121,Inez,Purslow,ipurslowk@narod.ru,Female,221.2.175.150
122,Thorndike,Gauthorpp,tgauthorppl@apache.org,Bigender,130.6.78.187
123,Bendite,Crowhurst,bcrowhurstm@is.gd,Female,135.59.44.222
124,Daphne,Bramsen,dbramsenn@gravatar.com,Female,46.244.241.97
125,Dunstan,Pibworth,dpibwortho@indiegogo.com,Male,183.19.124.56
126,Gearard,Berns,gbernsp@tmall.com,Polygender,211.86.58.92
127,Christine,Fossett,cfossettq@techcrunch.com,Female,146.87.164.193
128,Bernardine,Frankcom,bfrankcomr@etsy.com,Female,237.14.37.146
129,Marco,Yate,myates@time.com,Male,98.149.173.200
130,Kellby,Vigar,kvigart@wix.com,Male,255.205.178.117
131,Pancho,Billows,pbillowsu@boston.com,Male,244.114.210.246
132,Kristi,Cleef,kcleefv@npr.org,Female,215.87.135.60
133,Ariel,Sore,asorew@bloglovin.com,Female,8.92.153.35
134,Wes,Gregoraci,wgregoracix@usatoday.com,Male,88.240.212.139
135,Moreen,McFfaden,mmcffadeny@instagram.com,Female,218.221.64.217
136,Walther,Blagdon,wblagdonz@google.pl,Male,88.230.169.231
137,Broddie,Grunnell,bgrunnell10@aboutads.info,Male,254.224.128.34
138,Dylan,Bennet,dbennet11@ifeng.com,Male,215.28.208.228
139,Xavier,Frenzel;,xfrenzel12@joomla.org,Male,1.216.250.207
140,Rolph,Surgood,rsurgood13@unblog.fr,Male,63.159.82.213
141,Glyn,Deddum,gdeddum14@is.gd,Bigender,68.4.68.2
142,Zollie,Powe,zpowe15@bbb.org,Male,251.79.237.114
143,Kristen,Lomaz,klomaz16@altervista.org,Female,132.217.33.86
144,Prescott,Dix,pdix17@so-net.ne.jp,Male,88.158.77.85
145,Vita,Shilladay,vshilladay18@goo.gl,Female,74.121.178.59
146,Camel,Baptiste,cbaptiste19@imdb.com,Female,123.13.49.82
147,Pauli,Rochelle,prochelle1a@rediff.com,Female,43.250.213.171
148,Bethanne,Schneider,bschneider1b@time.com,Female,91.203.231.42
149,Ahmad,Mussettini,amussettini1c@tinyurl.com,Male,99.83.90.91
150,Dorian,Smale,dsmale1d@nifty.com,Male,105.88.179.189
151,Prentice,Troup,ptroup1e@histats.com,Male,57.184.17.11
152,Barbara-anne,Westrope,bwestrope1f@spiegel.de,Female,31.73.245.221
153,Philis,Martusewicz,pmartusewicz1g@bbc.co.uk,Female,28.124.137.90
154,Kelsey,Marginson,kmarginson1h@nytimes.com,Female,25.236.31.211
155,Elsworth,Dufty,edufty1i@seattletimes.com,Male,97.57.197.109
156,Zelda,Waterhouse,zwaterhouse1j@e-recht24.de,Female,148.224.31.56
157,Idalina,Paydon,ipaydon1k@edublogs.org,Female,202.47.255.189
158,Allene,Bridgement,abridgement1l@posterous.com,Female,180.49.211.177
159,Talbot,Tidy,ttidy1m@cocolog-nifty.com,Male,150.25.78.214
160,Victoir,Peplay,vpeplay1n@google.de,Male,196.29.211.88
161,Thornie,Brand-Hardy,tbrandhardy1o@time.com,Male,51.10.171.195
162,Christal,Maffi,cmaffi1p@prnewswire.com,Female,188.62.28.207
163,Rutger,Halfpenny,rhalfpenny1q@studiopress.com,Male,149.200.48.226
164,Rudolf,Bullingham,rbullingham1r@cargocollective.com,Male,194.229.11.87
165,Hanson,Dannel,hdannel1s@youku.com,Male,160.124.53.232
166,Irwinn,Clitsome,iclitsome1t@list-manage.com,Male,223.70.12.102
167,Scotty,Johnke,sjohnke1u@goo.ne.jp,Male,208.151.87.64
168,Mildrid,Pocknoll,mpocknoll1v@yahoo.co.jp,Female,1.79.246.58
169,Dana,Wolland,dwolland1w@hibu.com,Male,149.139.252.29
170,Dominique,Crayton,dcrayton1x@istockphoto.com,Female,222.71.70.54
171,Waldo,Corke,wcorke1y@washington.edu,Male,163.52.75.47
172,Neall,Hazeley,nhazeley1z@baidu.com,Male,231.198.44.14
173,Hobard,Du Hamel,hduhamel20@businessweek.com,Male,204.248.15.125
174,Elton,Maw,emaw21@clickbank.net,Male,73.71.208.56
175,Lindon,Oxenham,loxenham22@php.net,Male,24.217.203.83
176,Fowler,Hawkin,fhawkin23@dedecms.com,Male,92.175.31.80
177,Antoine,Gosz,agosz24@shutterfly.com,Male,41.107.2.156
178,Ring,Capstake,rcapstake25@forbes.com,Male,16.254.3.60
179,Aristotle,Loveridge,aloveridge26@foxnews.com,Male,50.253.111.232
180,Florry,Santhouse,fsanthouse27@biblegateway.com,Female,202.137.63.219
181,Lynna,Jalland,ljalland28@noaa.gov,Female,150.156.101.151
182,Arri,Duesbury,aduesbury29@twitpic.com,Male,68.115.84.15
183,Afton,Scapens,ascapens2a@about.me,Female,128.22.65.216
184,Dorree,Gue,dgue2b@ask.com,Female,114.160.184.124
185,Marillin,Feedome,mfeedome2c@vk.com,Female,104.146.196.100
186,Merilyn,Searby,msearby2d@tamu.edu,Female,112.248.165.213
187,Kevin,McKelvie,kmckelvie2e@stanford.edu,Male,236.158.255.192
188,Frederick,Garz,fgarz2f@youtube.com,Male,248.12.223.211
189,Lottie,Clint,lclint2g@uol.com.br,Female,44.142.28.198
190,Julia,Tome,jtome2h@nih.gov,Female,97.191.12.243
191,Marietta,Housecraft,mhousecraft2i@gravatar.com,Male,123.46.127.132
192,Dorri,Duggleby,dduggleby2j@apple.com,Female,254.83.81.211
193,Colin,Anderton,canderton2k@lycos.com,Male,153.107.234.107
194,Hilario,Burman,hburman2l@biglobe.ne.jp,Male,219.79.63.56
195,Gery,Lints,glints2m@washingtonpost.com,Male,168.210.72.240
196,Neale,Mussilli,nmussilli2n@nifty.com,Male,189.78.148.76
197,Raf,Rounsefell,rrounsefell2o@usda.gov,Female,199.1.224.74
198,Casandra,Ruby,cruby2p@nps.gov,Female,254.251.212.34
199,Sara-ann,Irvine,sirvine2q@gizmodo.com,Female,206.213.168.17
200,Janie,Auston,jauston2r@usda.gov,Female,122.72.89.66
201,Bobbye,Kanter,bkanter2s@google.com.br,Female,58.4.125.174
202,Torie,Punyer,tpunyer2t@tinypic.com,Female,113.62.94.30
203,Dix,Godsell,dgodsell2u@bizjournals.com,Genderqueer,226.131.178.17
204,Lindie,Mc Gee,lmcgee2v@hexun.com,Female,248.82.69.71
205,Sela,Foulger,sfoulger2w@symantec.com,Female,51.60.72.52
206,Kiele,Aymes,kaymes2x@nps.gov,Female,74.147.117.183
207,Athene,Celes,aceles2y@comsenz.com,Female,31.94.93.229
208,Elden,Seegar,eseegar2z@miitbeian.gov.cn,Male,106.44.45.90
209,Erin,Blase,eblase30@360.cn,Female,128.24.247.229
210,Evan,De Carolis,edecarolis31@usnews.com,Male,164.249.51.44
211,Walden,Extence,wextence32@prlog.org,Male,166.115.192.86
212,Hartwell,Tousy,htousy33@npr.org,Male,84.166.88.38
213,Janice,Maling,jmaling34@wikipedia.org,Female,136.222.181.166
214,Marlo,Mowsdale,mmowsdale35@google.co.jp,Agender,223.212.184.80
215,Farica,Rossetti,frossetti36@amazon.co.uk,Female,151.56.206.96
216,Ivette,Slaughter,islaughter37@gravatar.com,Female,158.205.5.23
217,Betty,Causier,bcausier38@miibeian.gov.cn,Female,15.231.149.218
218,Mic,Sesons,msesons39@chron.com,Male,56.37.11.89
219,Vinny,Petrashkov,vpetrashkov3a@yelp.com,Male,90.58.116.126
220,Joseph,McGourty,jmcgourty3b@4shared.com,Male,218.132.7.122
221,Winifred,Abbet,wabbet3c@hexun.com,Female,160.16.226.186
222,Amii,McCrea,amccrea3d@moonfruit.com,Female,31.202.236.242
223,Feodora,Meighan,fmeighan3e@ft.com,Female,160.58.198.66
224,Lissy,Danzelman,ldanzelman3f@discuz.net,Female,35.221.4.10
225,Abran,McWhorter,amcwhorter3g@hibu.com,Male,158.26.67.60
226,Milka,Cowpland,mcowpland3h@nymag.com,Female,77.192.144.75
227,Tiffani,Ollerhead,tollerhead3i@multiply.com,Female,56.63.234.202
228,Ruby,Thay,rthay3j@dot.gov,Female,39.160.224.79
229,Brett,Husbands,bhusbands3k@istockphoto.com,Male,142.110.233.141
230,Thomasin,Mapam,tmapam3l@usda.gov,Female,175.190.161.74
231,Alleen,Crapper,acrapper3m@state.gov,Female,48.147.55.253
232,Eadie,Paragreen,eparagreen3n@ucla.edu,Genderfluid,111.92.161.242
233,Jerrilyn,Maddy,jmaddy3o@soup.io,Female,177.66.160.207
234,Dun,Mealand,dmealand3p@ask.com,Male,185.222.15.22
235,Renata,Cowling,rcowling3q@unicef.org,Female,106.130.221.18
236,Lisle,Swarbrigg,lswarbrigg3r@bizjournals.com,Male,63.48.205.16
237,Care,Du Fray,cdufray3s@zdnet.com,Male,81.209.134.179
238,Mal,Gierok,mgierok3t@goodreads.com,Male,47.24.180.133
239,Mead,Grix,mgrix3u@apple.com,Male,144.231.103.211
240,Liane,Castano,lcastano3v@pinterest.com,Female,170.159.39.144
241,Candace,Stuke,cstuke3w@last.fm,Female,63.0.79.59
242,Clio,Garling,cgarling3x@ovh.net,Female,50.191.16.37
243,Pat,Tomblin,ptomblin3y@friendfeed.com,Female,170.70.165.190
244,Minni,Habbin,mhabbin3z@skype.com,Female,186.46.109.134
245,Finn,Wozencroft,fwozencroft40@wikia.com,Male,167.147.131.26
246,Emmerich,Edney,eedney41@imgur.com,Male,0.145.26.18
247,Martainn,Leonardi,mleonardi42@tripod.com,Male,171.83.54.248
248,Mariette,Eager,meager43@discuz.net,Non-binary,252.6.111.190
249,Liane,Van der Brug,lvanderbrug44@cnbc.com,Agender,76.201.210.7
250,Tito,Nisen,tnisen45@ca.gov,Male,234.170.6.190
251,Ilaire,Shillum,ishillum46@arizona.edu,Male,230.221.91.87
252,Sherline,Bimrose,sbimrose47@rediff.com,Female,37.84.147.240
253,Arnuad,Darnborough,adarnborough48@bluehost.com,Male,66.16.163.19
254,Codi,Land,cland49@sina.com.cn,Female,6.69.133.22
255,Patrizio,Signorelli,psignorelli4a@ovh.net,Male,35.119.120.68
256,Holly,Cuseick,hcuseick4b@msn.com,Female,33.92.49.9
257,Jammal,Grelik,jgrelik4c@tiny.cc,Male,87.191.89.188
258,Augustus,Feak,afeak4d@youtu.be,Male,105.209.122.3
259,Frannie,Blyth,fblyth4e@furl.net,Male,101.68.46.67
260,Roddy,Derby,rderby4f@gizmodo.com,Genderqueer,196.23.217.99
261,Karlyn,Wapol,kwapol4g@webs.com,Female,135.225.233.55
262,Nealy,Gehrtz,ngehrtz4h@simplemachines.org,Male,211.133.124.236
263,Peta,Blakebrough,pblakebrough4i@so-net.ne.jp,Polygender,79.251.36.244
264,Jeanelle,Van der Mark,jvandermark4j@weebly.com,Female,233.95.237.22
265,Francene,Thaxton,fthaxton4k@intel.com,Female,11.100.81.217
266,Meryl,Rubinsztein,mrubinsztein4l@squarespace.com,Male,33.208.53.58
267,Lee,Megroff,lmegroff4m@booking.com,Male,185.101.80.103
268,Neel,O'Hannay,nohannay4n@unicef.org,Male,18.144.189.120
269,Corinne,Issatt,cissatt4o@deliciousdays.com,Female,211.154.64.146
270,Mason,McIlheran,mmcilheran4p@globo.com,Male,186.111.110.179
271,Lilas,Marsham,lmarsham4q@simplemachines.org,Polygender,18.84.204.255
272,Brigid,Crighton,bcrighton4r@slideshare.net,Female,79.168.51.229
273,Mirelle,Aikin,maikin4s@sciencedirect.com,Genderqueer,190.123.7.221
274,Myrwyn,Blance,mblance4t@t-online.de,Male,112.68.205.12
275,Moishe,Matevushev,mmatevushev4u@histats.com,Male,14.59.185.28
276,Loraine,Togher,ltogher4v@wunderground.com,Female,22.230.124.104
277,Bink,Vokins,bvokins4w@nps.gov,Genderfluid,201.36.114.77
278,Llewellyn,Morrott,lmorrott4x@dropbox.com,Male,226.165.29.101
279,Arri,Willavize,awillavize4y@wix.com,Male,236.91.116.171
280,Riannon,Woodrup,rwoodrup4z@smh.com.au,Female,70.50.19.169
281,Linea,Bushell,lbushell50@mayoclinic.com,Female,57.80.164.129
282,Marney,Zelley,mzelley51@live.com,Female,236.84.244.81
283,Davin,Murtell,dmurtell52@usgs.gov,Male,34.86.234.103
284,Kayla,Reijmers,kreijmers53@t-online.de,Female,23.155.33.203
285,Malva,Schinetti,mschinetti54@sbwire.com,Female,220.143.218.101
286,Viviyan,Perrin,vperrin55@dailymail.co.uk,Female,198.184.121.232
287,Davidde,Nobbs,dnobbs56@cisco.com,Bigender,237.117.174.109
288,Alane,Waiton,awaiton57@artisteer.com,Female,192.253.244.212
289,Haskel,Gilluley,hgilluley58@newsvine.com,Male,49.158.129.100
290,Addie,Bullin,abullin59@springer.com,Bigender,188.159.119.27
291,Yevette,Hitchens,yhitchens5a@redcross.org,Agender,74.21.67.68
292,Alessandra,McGoogan,amcgoogan5b@yelp.com,Female,182.230.124.139
293,Devy,Barnwell,dbarnwell5c@behance.net,Male,59.227.252.183
294,Alric,McSperrin,amcsperrin5d@a8.net,Male,206.44.101.103
295,Kerby,McIlmurray,kmcilmurray5e@gmpg.org,Male,133.42.130.67
296,Tommie,Cregeen,tcregeen5f@nih.gov,Male,110.1.249.159
297,Kara,Holligan,kholligan5g@ebay.co.uk,Female,43.203.0.59
298,Barbabra,Malpass,bmalpass5h@scientificamerican.com,Female,159.1.122.174
299,Lydon,Elfitt,lelfitt5i@hibu.com,Male,222.222.113.55
300,Henka,Lucks,hlucks5j@hp.com,Female,201.64.119.6
301,Elsa,Scapens,escapens5k@pen.io,Female,84.186.18.129
302,Nichol,Treneer,ntreneer5l@instagram.com,Female,200.217.113.211
303,Basile,Brunning,bbrunning5m@wikispaces.com,Male,51.251.61.122
304,Giles,England,gengland5n@prweb.com,Male,8.235.104.137
305,Billye,Goodredge,bgoodredge5o@live.com,Female,208.96.128.122
306,Wait,Buddle,wbuddle5p@thetimes.co.uk,Male,37.69.226.214
307,Rockey,Shrimpling,rshrimpling5q@toplist.cz,Male,96.205.119.121
308,Dannie,Southernwood,dsouthernwood5r@netlog.com,Male,5.113.249.36
309,Raoul,Bosnell,rbosnell5s@de.vu,Male,188.165.18.99
310,Corbie,Wayte,cwayte5t@flavors.me,Polygender,95.4.237.203
311,Latia,Higford,lhigford5u@bloglines.com,Female,113.166.197.217
312,Fin,Stocken,fstocken5v@reverbnation.com,Male,181.129.123.26
313,Lynett,Lartice,llartice5w@sourceforge.net,Female,19.68.200.159
314,Burch,Balnaves,bbalnaves5x@bluehost.com,Male,69.246.230.255
315,Krisha,Camps,kcamps5y@amazon.co.uk,Male,109.40.83.39
316,Tyrone,Ronchi,tronchi5z@meetup.com,Male,28.234.54.123
317,Clevey,Cocking,ccocking60@netscape.com,Male,99.148.249.84
318,Romeo,Huxter,rhuxter61@biblegateway.com,Male,89.177.23.108
319,Andonis,Blodg,ablodg62@google.pl,Agender,78.161.50.143
320,Sheridan,Kellar,skellar63@about.me,Male,174.21.14.36
321,Willey,Garmons,wgarmons64@twitpic.com,Male,21.170.191.204
322,Gianni,Alexandre,galexandre65@yelp.com,Male,85.210.255.72
323,Alexi,Shooter,ashooter66@seattletimes.com,Female,188.104.178.25
324,Billie,McFaul,bmcfaul67@free.fr,Female,67.34.80.103
325,Welsh,MacIntyre,wmacintyre68@walmart.com,Male,251.169.70.28
326,Josefa,Bollis,jbollis69@skype.com,Female,157.134.53.112
327,Justin,Dykins,jdykins6a@e-recht24.de,Male,238.114.255.248
328,Roanne,Marcus,rmarcus6b@behance.net,Female,218.99.76.162
329,Calley,Fountaine,cfountaine6c@qq.com,Female,3.15.38.2
330,Ase,Organer,aorganer6d@spotify.com,Male,214.107.247.37
331,Sorcha,Cohrs,scohrs6e@mozilla.org,Female,83.18.159.193
332,Angelico,Allsupp,aallsupp6f@canalblog.com,Male,144.69.106.68
333,Mata,Dilawey,mdilawey6g@ucoz.ru,Male,154.96.214.236
334,Celesta,Swindley,cswindley6h@businessinsider.com,Female,77.134.60.62
335,Stephie,Cucinotta,scucinotta6i@i2i.jp,Female,62.126.246.198
336,Trev,Rysom,trysom6j@free.fr,Male,153.154.18.32
337,Giulietta,Jeannon,gjeannon6k@paypal.com,Female,0.102.154.161
338,Dew,Hartman,dhartman6l@amazon.com,Male,37.252.192.125
339,Hollie,Riggott,hriggott6m@archive.org,Polygender,171.232.247.116
340,Orland,Gue,ogue6n@jigsy.com,Male,3.151.210.116
341,Nathanil,Whatmough,nwhatmough6o@themeforest.net,Male,143.230.203.225
342,Tasha,Simla,tsimla6p@123-reg.co.uk,Female,28.180.136.31
343,Earvin,Vaudre,evaudre6q@artisteer.com,Non-binary,176.117.136.112
344,Raquela,Rosbotham,rrosbotham6r@sfgate.com,Female,132.91.127.54
345,Geoff,Marciek,gmarciek6s@google.nl,Male,167.43.124.159
346,Haskel,Humbles,hhumbles6t@twitter.com,Male,62.169.74.43
347,Joellen,Swait,jswait6u@archive.org,Female,206.145.30.224
348,Daven,Lealle,dlealle6v@princeton.edu,Male,105.99.203.129
349,Bertrando,Maffeo,bmaffeo6w@economist.com,Non-binary,250.11.69.24
350,Katy,Lahy,klahy6x@topsy.com,Female,55.111.60.240
351,Gavrielle,Kendrew,gkendrew6y@google.com.hk,Female,247.131.49.128
352,Fred,Dicte,fdicte6z@booking.com,Male,84.26.11.27
353,Ollie,Brome,obrome70@delicious.com,Female,42.35.105.247
354,Roi,Kelson,rkelson71@thetimes.co.uk,Male,40.245.153.117
355,Brandtr,Cicconettii,bcicconettii72@about.me,Male,192.255.6.170
356,Jeane,Card,jcard73@mac.com,Female,34.24.198.198
357,Paco,MacNish,pmacnish74@time.com,Male,123.76.43.177
358,Doe,Bernon,dbernon75@cargocollective.com,Female,203.25.252.84
359,Hannis,O'Calleran,hocalleran76@spotify.com,Female,206.196.44.2
360,Gusta,Samart,gsamart77@geocities.com,Female,151.103.225.2
361,Cyb,Westmancoat,cwestmancoat78@studiopress.com,Polygender,73.228.180.26
362,Flory,Brennen,fbrennen79@desdev.cn,Female,121.53.14.138
363,Rodge,Shreenan,rshreenan7a@hibu.com,Male,51.250.23.60
364,Chelsie,Bales,cbales7b@gravatar.com,Female,43.30.154.103
365,Gennie,Plumbridge,gplumbridge7c@mayoclinic.com,Female,147.46.179.220
366,Amelie,Tarbard,atarbard7d@bizjournals.com,Female,4.186.150.124
367,Mattheus,Skaif,mskaif7e@seesaa.net,Male,38.238.244.66
368,Marcellina,Petrussi,mpetrussi7f@geocities.jp,Female,53.206.68.199
369,Kennett,Panter,kpanter7g@narod.ru,Male,107.167.85.147
370,Sheilah,Wenderott,swenderott7h@reverbnation.com,Female,143.173.226.143
371,Laina,Blum,lblum7i@prlog.org,Female,173.45.26.152
372,Kai,Dessent,kdessent7j@yelp.com,Non-binary,209.59.155.227
373,Marthena,Rankin,mrankin7k@nih.gov,Female,197.38.130.113
374,Garret,Dwyer,gdwyer7l@cbsnews.com,Male,37.86.233.133
375,Dannye,Lenormand,dlenormand7m@com.com,Female,192.72.86.189
376,Dione,Muckart,dmuckart7n@sohu.com,Female,230.230.27.128
377,Ashia,Goymer,agoymer7o@purevolume.com,Female,208.71.26.16
378,Roth,Sucre,rsucre7p@craigslist.org,Male,94.144.75.154
379,Jeanne,Cracknall,jcracknall7q@ebay.com,Female,18.170.251.8
380,Eugenio,Shutle,eshutle7r@forbes.com,Male,225.222.8.43
381,Siffre,Bullivent,sbullivent7s@harvard.edu,Male,81.131.222.109
382,Benito,Scrange,bscrange7t@china.com.cn,Male,251.196.63.93
383,Lorant,Penburton,lpenburton7u@purevolume.com,Male,156.62.21.103
384,Dwayne,Lounds,dlounds7v@comsenz.com,Male,211.89.61.129
385,Darsey,Labrow,dlabrow7w@disqus.com,Female,39.126.251.123
386,Jaime,Boyson,jboyson7x@is.gd,Male,250.94.229.170
387,Joly,Giacomoni,jgiacomoni7y@github.io,Female,128.22.190.180
388,Bellina,Paridge,bparidge7z@who.int,Female,57.183.191.15
389,Xylina,Paulson,xpaulson80@toplist.cz,Female,182.50.8.232
390,Carlie,Skarr,cskarr81@ovh.net,Male,33.85.226.9
391,Humberto,Gait,hgait82@cyberchimps.com,Male,128.157.148.80
392,Ryley,Banting,rbanting83@weather.com,Male,85.34.218.249
393,Dorisa,Darrow,ddarrow84@icq.com,Female,247.69.62.247
394,Michale,Lowseley,mlowseley85@sogou.com,Male,253.190.151.255
395,Aloisia,Christoffe,achristoffe86@si.edu,Female,31.141.119.233
396,Bryanty,Lehon,blehon87@istockphoto.com,Bigender,187.52.42.87
397,Alair,Shirtliff,ashirtliff88@weibo.com,Male,40.66.94.184
398,Berk,Brandel,bbrandel89@reverbnation.com,Polygender,49.44.12.71
399,Dougy,Coats,dcoats8a@yelp.com,Male,98.109.131.56
400,Amalle,Elijahu,aelijahu8b@google.cn,Female,2.236.241.154
401,Kimberlyn,Euels,keuels8c@go.com,Female,53.72.164.214
402,Reggi,Dubble,rdubble8d@umn.edu,Female,9.244.99.27
403,Morgen,Sarfas,msarfas8e@bloglovin.com,Male,102.95.32.144
404,Peggi,Scola,pscola8f@gnu.org,Genderqueer,73.54.48.240
405,Egon,Tunnacliffe,etunnacliffe8g@cdbaby.com,Male,20.104.16.204
406,Cy,Caldron,ccaldron8h@livejournal.com,Male,148.94.154.170
407,Cecil,Fahey,cfahey8i@lulu.com,Female,229.122.198.247
408,Johannes,Pumfrey,jpumfrey8j@tinyurl.com,Male,200.230.43.117
409,Dehlia,Nevin,dnevin8k@tumblr.com,Female,203.198.122.158
410,Hannie,Gegay,hgegay8l@phpbb.com,Polygender,168.228.98.151
411,Wallis,Luigi,wluigi8m@nationalgeographic.com,Female,67.120.213.27
412,Rafa,Rowly,rrowly8n@usa.gov,Female,255.17.128.28
413,Jolene,Rutland,jrutland8o@fda.gov,Female,78.17.162.204
414,Teodoor,Ashelford,tashelford8p@wikimedia.org,Male,91.22.105.65
415,Skipton,Jakeman,sjakeman8q@bloglovin.com,Non-binary,39.239.123.226
416,Danice,Glennie,dglennie8r@ibm.com,Female,248.111.236.114
417,Lindsey,Ripsher,lripsher8s@example.com,Non-binary,140.204.243.116
418,Richmond,Krimmer,rkrimmer8t@theglobeandmail.com,Male,122.34.238.134
419,Rex,O'Tierney,rotierney8u@unblog.fr,Male,255.145.204.6
420,Cherye,Stell,cstell8v@alexa.com,Female,69.233.204.147
421,Ruth,MacParlan,rmacparlan8w@sciencedirect.com,Female,86.213.197.176
422,Tandy,Aguilar,taguilar8x@cdc.gov,Agender,201.1.161.84
423,Annetta,Murrhardt,amurrhardt8y@jigsy.com,Female,150.166.55.100
424,Nina,Drysdell,ndrysdell8z@privacy.gov.au,Female,251.3.153.169
425,Willard,Challender,wchallender90@qq.com,Non-binary,34.191.27.140
426,Ingmar,Laidlaw,ilaidlaw91@bloomberg.com,Male,118.8.143.247
427,Reiko,Heakey,rheakey92@vk.com,Female,47.70.103.103
428,Minnie,Ainslee,mainslee93@fda.gov,Female,41.230.151.124
429,Thomasina,Avraam,tavraam94@skyrock.com,Female,178.120.131.146
430,Koralle,Searjeant,ksearjeant95@oakley.com,Female,183.87.27.245
431,Reade,Ellsworthe,rellsworthe96@ameblo.jp,Non-binary,182.250.56.89
432,Ronica,Hicklingbottom,rhicklingbottom97@utexas.edu,Female,3.245.239.226
433,Godard,Hans,ghans98@meetup.com,Male,186.234.245.203
434,Norean,Mucci,nmucci99@biglobe.ne.jp,Female,105.232.33.229
435,Adriana,Duthie,aduthie9a@elegantthemes.com,Female,89.142.42.250
436,Rogers,Sheehan,rsheehan9b@hao123.com,Male,251.172.105.232
437,Otho,Evason,oevason9c@amazon.de,Male,186.209.32.212
438,Marielle,Justis,mjustis9d@princeton.edu,Female,166.172.58.12
439,Gregorius,Gentile,ggentile9e@sphinn.com,Male,239.119.164.102
440,Piotr,Jamblin,pjamblin9f@deliciousdays.com,Male,204.14.121.109
441,Shanan,Merrigans,smerrigans9g@sphinn.com,Agender,185.103.232.88
442,Francisco,Orteaux,forteaux9h@example.com,Male,89.195.190.189
443,Giuseppe,Brownsword,gbrownsword9i@domainmarket.com,Male,54.2.213.231
444,Olin,Lichfield,olichfield9j@smugmug.com,Male,13.207.22.39
445,Humfrid,Ankers,hankers9k@usgs.gov,Male,174.179.252.198
446,Forrester,Tew,ftew9l@skype.com,Male,130.27.125.148
447,Maighdiln,Spondley,mspondley9m@imgur.com,Female,59.121.84.141
448,Fanny,Kundt,fkundt9n@google.com.br,Female,8.141.40.16
449,Suzi,Berge,sberge9o@time.com,Female,96.146.207.103
450,Thor,Wittke,twittke9p@dion.ne.jp,Male,198.59.76.126
451,Torey,Brokenshire,tbrokenshire9q@altervista.org,Male,196.2.125.150
452,Richmound,Kobierra,rkobierra9r@ibm.com,Male,255.147.130.132
453,Phebe,Biscomb,pbiscomb9s@t-online.de,Female,226.183.38.51
454,Ban,Ewols,bewols9t@dyndns.org,Male,165.35.103.17
455,Scarlet,Malek,smalek9u@shinystat.com,Female,11.203.228.196
456,Richmond,Wilderspoon,rwilderspoon9v@chron.com,Male,47.249.166.40
457,Aili,Vanderson,avanderson9w@who.int,Female,143.97.57.141
458,Trude,Morrid,tmorrid9x@sciencedaily.com,Female,138.149.188.248
459,Fergus,Couchman,fcouchman9y@timesonline.co.uk,Male,83.161.23.97
460,Charmion,Grebbin,cgrebbin9z@oakley.com,Female,127.176.252.10
461,Nissa,Bottomore,nbottomorea0@yale.edu,Female,67.71.228.114
462,Bernelle,Danzig,bdanziga1@mac.com,Female,146.12.234.65
463,Emlyn,Brucker,ebruckera2@exblog.jp,Male,96.96.240.55
464,Abramo,Measham,ameashama3@so-net.ne.jp,Male,52.106.100.17
465,Wynnie,Probet,wprobeta4@oracle.com,Female,77.205.249.243
466,Elianora,Wollard,ewollarda5@wired.com,Female,1.174.136.228
467,Mehetabel,Hartington,mhartingtona6@aol.com,Female,90.32.88.15
468,Meris,Arnall,marnalla7@reuters.com,Female,126.227.95.150
469,Rina,Aubrun,raubruna8@tripadvisor.com,Female,18.76.27.25
470,Katrine,Richings,krichingsa9@engadget.com,Female,254.21.13.88
471,Hiram,Crumly,hcrumlyaa@1und1.de,Male,42.153.169.250
472,Gerhardine,Attril,gattrilab@dailymail.co.uk,Female,147.217.212.43
473,Roosevelt,Gress,rgressac@google.pl,Male,80.228.78.153
474,Ramon,Impey,rimpeyad@myspace.com,Male,170.232.191.32
475,Che,Wragg,cwraggae@edublogs.org,Non-binary,192.124.229.149
476,Zea,Delgaty,zdelgatyaf@princeton.edu,Female,134.167.244.238
477,Bethany,Begbie,bbegbieag@harvard.edu,Female,41.125.114.157
478,Quintin,Brailey,qbraileyah@google.ru,Male,110.139.151.68
479,Ignace,Gadsby,igadsbyai@addtoany.com,Male,141.115.178.207
480,Dina,Levensky,dlevenskyaj@myspace.com,Female,224.15.122.16
481,Odell,Wardhough,owardhoughak@woothemes.com,Male,108.213.224.163
482,Vincents,Heitz,vheitzal@nsw.gov.au,Male,248.23.204.38
483,Gav,Gauford,ggaufordam@fastcompany.com,Male,61.173.146.192
484,Kellie,Adami,kadamian@hatena.ne.jp,Genderqueer,98.141.71.67
485,Lianna,Mateus,lmateusao@topsy.com,Female,140.158.126.205
486,Brittany,Sawley,bsawleyap@tripod.com,Non-binary,39.175.122.49
487,Sophie,Albasini,salbasiniaq@canalblog.com,Female,63.120.50.126
488,Roldan,Rhodus,rrhodusar@ocn.ne.jp,Male,105.48.135.93
489,Tracey,Eburah,teburahas@admin.ch,Male,195.17.63.39
490,Andeee,Hallede,ahalledeat@cbslocal.com,Female,210.17.58.71
491,Felicio,Martynka,fmartynkaau@nifty.com,Male,245.123.66.138
492,Karol,Wands,kwandsav@amazon.com,Female,39.9.47.242
493,Virginie,Gates,vgatesaw@biblegateway.com,Female,109.150.41.178
494,Lurleen,Brahmer,lbrahmerax@google.fr,Female,200.241.53.124
495,Cob,Cluitt,ccluittay@engadget.com,Male,188.207.117.231
496,Rikki,Yglesia,ryglesiaaz@freewebs.com,Female,203.184.250.82
497,Joyous,Rudgard,jrudgardb0@ft.com,Female,36.10.146.155
498,Rolph,Brunton,rbruntonb1@instagram.com,Male,242.191.29.152
499,Auberta,Khotler,akhotlerb2@a8.net,Female,54.50.40.42
500,Arly,Silley,asilleyb3@patch.com,Female,111.16.134.106
501,Gabby,Keay,gkeayb4@wp.com,Male,72.211.132.72
502,Esteban,Tinline,etinlineb5@addthis.com,Male,239.133.11.81
503,Gerick,Bramwich,gbramwichb6@cnn.com,Male,149.164.78.202
504,Lola,Marxsen,lmarxsenb7@phpbb.com,Female,77.126.164.235
505,Joellen,Girvan,jgirvanb8@uol.com.br,Female,144.73.242.56
506,Florrie,Tremain,ftremainb9@about.com,Female,100.230.7.40
507,Byran,Seabright,bseabrightba@parallels.com,Male,132.84.138.37
508,Basil,Scroyton,bscroytonbb@mac.com,Bigender,216.23.25.172
509,Gael,Ivic,givicbc@nytimes.com,Female,75.78.124.0
510,Lela,Odams,lodamsbd@google.de,Female,236.212.154.77
511,Emlyn,Woloschinski,ewoloschinskibe@techcrunch.com,Genderfluid,130.207.10.194
512,Gilburt,Jankin,gjankinbf@t.co,Male,176.206.193.156
513,Tristam,Skentelbery,tskentelberybg@ning.com,Male,58.98.95.77
514,Cristabel,Briant,cbriantbh@pinterest.com,Female,145.35.156.4
515,Kalil,Bairnsfather,kbairnsfatherbi@issuu.com,Genderqueer,208.0.206.4
516,Barbette,Briscam,bbriscambj@wikia.com,Female,59.116.118.19
517,Pierson,Radki,pradkibk@house.gov,Male,11.184.80.162
518,Danielle,Jobes,djobesbl@lycos.com,Female,190.154.35.18
519,Allan,Loveredge,aloveredgebm@buzzfeed.com,Male,6.4.177.196
520,Mehetabel,Boanas,mboanasbn@parallels.com,Female,249.209.21.1
521,Evered,Larwell,elarwellbo@weather.com,Male,182.95.251.205
522,Dell,Von Welldun,dvonwelldunbp@quantcast.com,Male,161.160.176.215
523,Ofelia,Inskipp,oinskippbq@engadget.com,Female,37.196.191.21
524,Alyson,Everton,aevertonbr@tripod.com,Genderfluid,143.162.242.13
525,Oby,Faltin,ofaltinbs@taobao.com,Male,216.248.192.77
526,Alidia,Du Hamel,aduhamelbt@ed.gov,Female,226.218.195.119
527,Danice,Barajaz,dbarajazbu@prlog.org,Female,33.56.165.231
528,Earl,Erasmus,eerasmusbv@salon.com,Male,103.51.156.33
529,Lind,Ibeson,libesonbw@baidu.com,Male,231.139.193.40
530,Mimi,Meenehan,mmeenehanbx@yelp.com,Female,228.74.179.109
531,Bernelle,Koopman,bkoopmanby@cnn.com,Female,177.99.225.44
532,Claretta,Sargeant,csargeantbz@scribd.com,Female,248.32.159.150
533,Thayne,Husbands,thusbandsc0@cbsnews.com,Male,12.91.214.31
534,Tallie,Gasgarth,tgasgarthc1@rakuten.co.jp,Female,119.162.21.161
535,Rachel,Schutter,rschutterc2@nymag.com,Female,0.86.240.134
536,Towney,Greguoli,tgreguolic3@oakley.com,Male,240.181.185.254
537,Dulcie,Covely,dcovelyc4@blog.com,Female,239.232.199.162
538,Merrilee,Howling,mhowlingc5@slashdot.org,Female,152.140.223.129
539,Tuckie,Hightown,thightownc6@patch.com,Bigender,84.151.12.232
540,Querida,Sola,qsolac7@jimdo.com,Female,50.199.62.170
541,Arlee,Gwynn,agwynnc8@liveinternet.ru,Female,88.231.161.136
542,Fletcher,Connechy,fconnechyc9@sitemeter.com,Male,49.181.181.85
543,Flin,Roocroft,froocroftca@simplemachines.org,Male,89.7.198.203
544,Malvin,Rawstorn,mrawstorncb@businessinsider.com,Male,75.140.209.149
545,Reinold,Kikke,rkikkecc@opensource.org,Male,252.48.1.77
546,Keefe,Whettleton,kwhettletoncd@engadget.com,Male,64.75.40.190
547,Dael,Langwade,dlangwadece@yolasite.com,Male,138.94.201.101
548,Ebenezer,Cristofaro,ecristofarocf@senate.gov,Male,108.203.125.48
549,Brana,Derrington,bderringtoncg@tumblr.com,Bigender,195.197.58.56
550,Morie,Bouts,mboutsch@seattletimes.com,Male,78.158.163.126
551,Wandie,Gradley,wgradleyci@illinois.edu,Female,216.37.67.168
552,Berke,Eastment,beastmentcj@scientificamerican.com,Male,101.3.93.42
553,Sherwynd,Hutchason,shutchasonck@wordpress.org,Male,107.93.89.242
554,Kimmy,Habens,khabenscl@time.com,Female,191.174.243.102
555,Birk,Mottley,bmottleycm@xing.com,Male,32.126.201.171
556,Zilvia,Sherewood,zsherewoodcn@craigslist.org,Polygender,252.16.99.94
557,Sammy,Latch,slatchco@chronoengine.com,Female,81.126.91.126
558,Raul,McElvine,rmcelvinecp@merriam-webster.com,Male,21.171.46.237
559,Granthem,Kerkham,gkerkhamcq@wikia.com,Male,55.109.51.28
560,Jesse,Ibell,jibellcr@networksolutions.com,Female,29.43.244.13
561,Alysia,Largent,alargentcs@mail.ru,Agender,25.246.33.39
562,Marge,Gerauld,mgerauldct@sbwire.com,Genderfluid,75.239.68.88
563,Wyndham,Lawday,wlawdaycu@surveymonkey.com,Male,60.163.101.63
564,Delaney,Bennington,dbenningtoncv@samsung.com,Male,185.15.8.42
565,Cher,Rossant,crossantcw@sohu.com,Genderqueer,215.63.9.11
566,Dari,Dimont,ddimontcx@thetimes.co.uk,Genderqueer,58.155.89.129
567,Massimiliano,Fundell,mfundellcy@topsy.com,Male,152.62.184.192
568,Gayle,Bordes,gbordescz@biglobe.ne.jp,Male,84.211.19.192
569,Ashby,Medmore,amedmored0@economist.com,Male,13.240.42.150
570,Che,Di Dello,cdidellod1@netlog.com,Agender,10.59.58.181
571,Maire,Janew,mjanewd2@comcast.net,Female,251.92.197.130
572,Daniel,Vasyatkin,dvasyatkind3@vinaora.com,Male,216.216.250.243
573,Hunt,Shimony,hshimonyd4@instagram.com,Male,166.177.159.212
574,Saul,Peperell,speperelld5@livejournal.com,Male,110.88.235.166
575,Allene,Shreenan,ashreenand6@reverbnation.com,Female,151.9.125.35
576,Kippy,Pendlington,kpendlingtond7@biblegateway.com,Male,134.87.103.129
577,Taber,Ollivierre,tollivierred8@webmd.com,Male,31.94.17.166
578,Sara-ann,Burkhill,sburkhilld9@myspace.com,Female,158.81.185.148
579,Sheree,Ewbach,sewbachda@cdbaby.com,Female,217.201.227.75
580,Joeann,MacGown,jmacgowndb@icq.com,Female,253.254.137.222
581,Jamie,Apedaile,japedailedc@cafepress.com,Male,161.73.169.10
582,Indira,Fawdrie,ifawdriedd@goodreads.com,Non-binary,121.54.43.15
583,Marsiella,Grishinov,mgrishinovde@un.org,Female,188.46.128.33
584,Chad,Garlee,cgarleedf@hud.gov,Female,74.72.148.133
585,Yancy,Williment,ywillimentdg@paypal.com,Male,121.22.86.34
586,Dinnie,Ailmer,dailmerdh@merriam-webster.com,Female,111.208.55.22
587,Mechelle,Fetherstonhaugh,mfetherstonhaughdi@domainmarket.com,Female,43.75.53.78
588,Hurleigh,Davidson,hdavidsondj@sakura.ne.jp,Male,59.112.102.166
589,Magdalena,Weatherup,mweatherupdk@vistaprint.com,Female,141.198.110.142
590,Jerrylee,Widdicombe,jwiddicombedl@independent.co.uk,Female,79.197.161.144
591,Dael,Rosenstein,drosensteindm@surveymonkey.com,Female,198.103.138.213
592,Markus,Cassedy,mcassedydn@fotki.com,Bigender,51.6.80.81
593,Bridgette,Balogun,bbalogundo@issuu.com,Genderfluid,251.249.34.166
594,Ezekiel,Whelan,ewhelandp@boston.com,Male,191.178.158.190
595,Kristofor,Rablen,krablendq@microsoft.com,Male,118.211.109.235
596,Ariel,Bernadot,abernadotdr@bravesites.com,Male,69.221.95.172
597,Fax,Swigg,fswiggds@networksolutions.com,Male,213.37.161.80
598,Gratia,Yallowley,gyallowleydt@pen.io,Female,249.216.220.105
599,Beauregard,Acors,bacorsdu@buzzfeed.com,Male,212.38.176.199
600,Giorgio,Liff,gliffdv@qq.com,Male,164.171.121.116
601,Joanna,Bortolussi,jbortolussidw@myspace.com,Female,41.184.10.200
602,Meridel,Stanton,mstantondx@xinhuanet.com,Female,105.6.127.52
603,Torey,Stoffersen,tstoffersendy@adobe.com,Male,235.42.106.78
604,Hillie,Kenshole,hkensholedz@goo.ne.jp,Genderqueer,88.26.116.243
605,Camella,Chartre,cchartree0@tamu.edu,Female,215.240.123.221
606,Wilek,Mouton,wmoutone1@blogtalkradio.com,Male,18.114.102.9
607,Gard,Dingwall,gdingwalle2@disqus.com,Male,219.196.36.100
608,Kania,Wanjek,kwanjeke3@berkeley.edu,Female,178.231.146.205
609,Lorilee,Romagosa,lromagosae4@yolasite.com,Female,172.143.122.43
610,Ethe,Boate,eboatee5@examiner.com,Male,195.87.203.102
611,Geraldine,Mableson,gmablesone6@pen.io,Female,73.148.6.172
612,Bob,Maffucci,bmaffuccie7@shutterfly.com,Male,83.151.65.162
613,Ninetta,Pentycost,npentycoste8@census.gov,Female,78.212.12.43
614,Tanner,Alonso,talonsoe9@bizjournals.com,Male,147.246.138.56
615,Layney,Dudgeon,ldudgeonea@networksolutions.com,Female,139.120.38.151
616,Ann-marie,McPhelimy,amcphelimyeb@prweb.com,Genderfluid,231.107.184.125
617,Dinnie,Plumm,dplummec@printfriendly.com,Female,94.232.144.199
618,Logan,Gomby,lgombyed@ucoz.com,Male,209.44.185.155
619,Farly,Barnsdale,fbarnsdaleee@mediafire.com,Male,252.4.24.210
620,Lara,Crombleholme,lcrombleholmeef@home.pl,Female,162.208.147.70
621,Al,Kennea,akenneaeg@stumbleupon.com,Male,165.19.206.25
622,Georgie,Janz,gjanzeh@aboutads.info,Male,17.243.254.231
623,Jo-anne,Trethewey,jtretheweyei@thetimes.co.uk,Female,68.179.109.64
624,Tani,Houndesome,thoundesomeej@tinyurl.com,Female,242.154.53.218
625,Fionnula,Labarre,flabarreek@posterous.com,Female,220.170.157.12
626,Franky,Lahive,flahiveel@clickbank.net,Female,55.246.204.4
627,Agnola,Gurrado,agurradoem@sphinn.com,Female,6.57.165.83
628,Con,Calabry,ccalabryen@hubpages.com,Female,31.19.194.145
629,Mayne,Cozby,mcozbyeo@google.fr,Non-binary,76.39.240.193
630,Patsy,Mahmood,pmahmoodep@imageshack.us,Genderfluid,165.247.168.161
631,Nathalia,Neve,nneveeq@google.es,Female,104.71.39.104
632,Hodge,Pabel,hpabeler@purevolume.com,Male,237.24.116.222
633,Phillida,Scotchmur,pscotchmures@miitbeian.gov.cn,Female,244.32.111.252
634,Temp,Cameli,tcameliet@gnu.org,Male,240.154.101.63
635,Roarke,Waistall,rwaistalleu@cam.ac.uk,Male,185.188.3.205
636,Wally,Paulin,wpaulinev@pinterest.com,Female,226.252.192.156
637,Shawna,Snibson,ssnibsonew@de.vu,Female,173.243.134.176
638,Pepi,Benjamin,pbenjaminex@freewebs.com,Female,65.74.171.35
639,Corrie,Yankin,cyankiney@howstuffworks.com,Male,220.12.101.131
640,Haily,Camplejohn,hcamplejohnez@topsy.com,Male,2.31.233.75
641,Iona,Antrobus,iantrobusf0@wisc.edu,Female,142.136.143.235
642,Henderson,Brason,hbrasonf1@bing.com,Male,147.223.166.34
643,Jyoti,Tomlin,jtomlinf2@simplemachines.org,Female,137.207.155.242
644,Scot,Mignot,smignotf3@ted.com,Male,136.127.63.155
645,Eyde,Klimontovich,eklimontovichf4@mashable.com,Female,238.93.156.42
646,Carolee,Pickett,cpickettf5@cbc.ca,Female,123.64.52.34
647,Benny,Quixley,bquixleyf6@gizmodo.com,Female,81.211.225.163
648,Orlando,Scimonelli,oscimonellif7@businessinsider.com,Male,54.148.105.46
649,Matty,Tristram,mtristramf8@fotki.com,Male,72.243.159.114
650,Jamie,Flaubert,jflaubertf9@edublogs.org,Bigender,105.141.123.220
651,Shanan,Edmons,sedmonsfa@mit.edu,Male,125.244.126.23
652,Waverly,Durtnall,wdurtnallfb@webeden.co.uk,Male,230.232.124.137
653,Valida,Scamadine,vscamadinefc@usatoday.com,Female,186.166.207.188
654,Pembroke,Gridley,pgridleyfd@google.ru,Male,248.54.39.99
655,Cherrita,Wyld,cwyldfe@cargocollective.com,Female,97.147.218.10
656,Glen,Long,glongff@usa.gov,Female,54.72.27.195
657,Millard,Chevins,mchevinsfg@twitpic.com,Male,131.136.178.10
658,Rip,Tibols,rtibolsfh@cbsnews.com,Male,75.25.215.193
659,Zelda,Rainbird,zrainbirdfi@imageshack.us,Female,108.144.203.182
660,Lawton,Proske,lproskefj@java.com,Male,0.214.244.167
661,Ottilie,Feldharker,ofeldharkerfk@wufoo.com,Female,114.14.158.50
662,Barry,Falconer-Taylor,bfalconertaylorfl@desdev.cn,Male,51.77.35.48
663,Concettina,Paxforde,cpaxfordefm@gnu.org,Female,209.98.80.27
664,Rozanna,Pollitt,rpollittfn@cocolog-nifty.com,Female,148.14.53.127
665,Hoebart,Oak,hoakfo@is.gd,Male,23.122.95.211
666,Lorne,Chesterton,lchestertonfp@vk.com,Male,228.162.151.192
667,Gwenni,Lansdale,glansdalefq@psu.edu,Female,1.162.34.223
668,Monica,Duny,mdunyfr@bandcamp.com,Female,185.73.188.29
669,Bryanty,MacFarlane,bmacfarlanefs@phoca.cz,Male,178.221.78.46
670,James,Baldacchino,jbaldacchinoft@usda.gov,Male,87.198.169.190
671,Finn,Mangham,fmanghamfu@guardian.co.uk,Male,151.130.150.32
672,Kesley,Wing,kwingfv@mediafire.com,Polygender,105.141.36.162
673,Grady,Blodgett,gblodgettfw@bbb.org,Male,122.11.75.95
674,Ricoriki,Wallwood,rwallwoodfx@cdc.gov,Male,214.35.72.67
675,Gerrie,Gascoine,ggascoinefy@google.co.jp,Male,172.187.189.244
676,Huntlee,Bosdet,hbosdetfz@tinyurl.com,Male,52.185.50.94
677,Kailey,Diggins,kdigginsg0@microsoft.com,Female,81.155.243.212
678,Aviva,Kilgallon,akilgallong1@meetup.com,Genderfluid,214.72.173.245
679,Kandy,Gottelier,kgottelierg2@miibeian.gov.cn,Female,39.153.180.235
680,Abey,Durkin,adurking3@feedburner.com,Male,26.227.25.241
681,Gerianna,Schrieves,gschrievesg4@epa.gov,Agender,56.85.25.202
682,Franky,Willshee,fwillsheeg5@quantcast.com,Non-binary,89.90.26.199
683,Alfie,Gourlay,agourlayg6@blinklist.com,Male,238.238.125.177
684,Catherin,Dunphie,cdunphieg7@baidu.com,Female,192.206.113.232
685,Selinda,Walling,swallingg8@angelfire.com,Female,235.75.105.219
686,Maridel,Goshawk,mgoshawkg9@google.com.br,Female,127.52.236.201
687,Sargent,Matthai,smatthaiga@godaddy.com,Male,195.22.198.195
688,Cyril,Moth,cmothgb@scribd.com,Male,28.245.117.26
689,Rawley,Barbie,rbarbiegc@europa.eu,Male,62.7.49.20
690,Abner,Slyde,aslydegd@nifty.com,Bigender,173.76.140.117
691,Nina,Keri,nkerige@cloudflare.com,Female,117.158.221.86
692,Mycah,Molan,mmolangf@apple.com,Male,151.225.51.226
693,Rabi,Benoix,rbenoixgg@opera.com,Male,89.132.86.17
694,Zahara,Leipelt,zleipeltgh@myspace.com,Female,30.56.150.79
695,Gerome,Martina,gmartinagi@yellowbook.com,Polygender,39.248.93.209
696,Oswell,Agirre,oagirregj@com.com,Male,24.115.37.250
697,Scot,Spyvye,sspyvyegk@sphinn.com,Agender,73.185.46.68
698,Gaston,Marzello,gmarzellogl@facebook.com,Male,49.219.189.137
699,Erl,Ostick,eostickgm@goo.ne.jp,Male,149.190.186.48
700,Lonnard,Grisedale,lgrisedalegn@hugedomains.com,Agender,200.226.43.153
701,Orrin,Lamkin,olamkingo@kickstarter.com,Male,43.158.77.237
702,Simone,Agett,sagettgp@biblegateway.com,Male,245.161.42.206
703,Gianni,Dymock,gdymockgq@addtoany.com,Male,30.133.142.171
704,Modestia,Eard,meardgr@state.gov,Female,88.80.108.238
705,Andra,Guerreru,aguerrerugs@un.org,Genderfluid,190.103.223.97
706,Cleon,Kirvell,ckirvellgt@issuu.com,Male,216.202.45.221
707,Albertina,Coghill,acoghillgu@mit.edu,Female,167.238.28.201
708,Cymbre,Dewicke,cdewickegv@illinois.edu,Female,36.136.134.146
709,Nisse,Curado,ncuradogw@time.com,Bigender,239.45.83.44
710,Brett,MacNeil,bmacneilgx@oracle.com,Male,217.212.131.105
711,Nichols,Jakoubec,njakoubecgy@example.com,Polygender,65.79.16.32
712,Leonid,Spurdens,lspurdensgz@ucoz.ru,Male,63.113.95.35
713,Holmes,Killingsworth,hkillingsworthh0@jimdo.com,Male,214.124.78.202
714,Kakalina,Pepon,kpeponh1@theglobeandmail.com,Female,48.108.189.93
715,Nikolas,Bracey,nbraceyh2@google.de,Male,199.254.183.179
716,Erminia,Blown,eblownh3@vinaora.com,Polygender,132.156.47.198
717,Merrielle,Balassi,mbalassih4@google.com.au,Female,115.77.48.253
718,Tami,Ezzle,tezzleh5@mapquest.com,Female,87.144.13.83
719,Chariot,MacCaghan,cmaccaghanh6@mozilla.com,Male,94.75.117.8
720,Monro,Melluish,mmelluishh7@ucla.edu,Male,128.98.33.13
721,Carolynn,Tasch,ctaschh8@hhs.gov,Female,50.135.61.128
722,Isac,Grishinov,igrishinovh9@jugem.jp,Male,28.36.223.35
723,Eleonora,Caddens,ecaddensha@ameblo.jp,Female,40.227.241.232
724,Ida,Hattigan,ihattiganhb@pbs.org,Female,111.196.99.115
725,Janetta,Jeans,jjeanshc@java.com,Female,93.13.82.193
726,Constantino,Lehrahan,clehrahanhd@forbes.com,Male,2.98.11.17
727,Martica,Crocroft,mcrocrofthe@woothemes.com,Female,210.50.123.206
728,Loretta,Wellbeloved,lwellbelovedhf@chron.com,Female,77.90.110.51
729,Archibald,Airth,aairthhg@technorati.com,Male,236.156.24.12
730,Gib,Leynton,gleyntonhh@jigsy.com,Male,147.166.165.116
731,Sapphire,Layne,slaynehi@quantcast.com,Female,54.61.18.206
732,Hazlett,Durant,hduranthj@tinyurl.com,Male,104.243.6.10
733,Stephanie,Tolomio,stolomiohk@psu.edu,Female,195.233.144.157
734,Ramon,Node,rnodehl@gravatar.com,Male,80.123.19.228
735,Paloma,Spirit,pspirithm@hubpages.com,Agender,19.122.117.197
736,Hugo,Scambler,hscamblerhn@earthlink.net,Male,177.41.70.152
737,Humberto,Dunne,hdunneho@deviantart.com,Male,134.119.134.107
738,Yehudit,Habbema,yhabbemahp@shareasale.com,Male,93.168.245.58
739,Augie,Aleksidze,aaleksidzehq@umich.edu,Male,63.34.197.147
740,Hasty,Guerola,hguerolahr@geocities.com,Male,107.131.102.202
741,Theressa,McIllroy,tmcillroyhs@taobao.com,Female,38.178.38.6
742,Ingemar,O' Driscoll,iodriscollht@vinaora.com,Male,144.230.196.203
743,Kristofor,Downer,kdownerhu@ehow.com,Male,251.70.3.43
744,Chick,Petschel,cpetschelhv@baidu.com,Male,208.185.29.34
745,Ronald,Hamlett,rhamletthw@typepad.com,Male,48.46.222.75
746,Raphael,Spoward,rspowardhx@marketwatch.com,Male,6.201.122.120
747,Glenda,Soigne,gsoignehy@irs.gov,Female,58.165.230.200
748,Jarrett,Heeley,jheeleyhz@com.com,Male,250.4.11.85
749,Myer,Guilloud,mguilloudi0@sbwire.com,Male,194.71.62.13
750,Anthea,Dragon,adragoni1@usatoday.com,Bigender,244.63.143.8
751,Richy,Andrick,randricki2@ted.com,Bigender,83.226.42.158
752,Lorrie,Brunetti,lbrunettii3@yelp.com,Female,241.22.76.143
753,Anton,Grichukhin,agrichukhini4@nhs.uk,Bigender,162.254.212.233
754,Homerus,Le Huquet,hlehuqueti5@ifeng.com,Male,136.32.187.118
755,Kiley,Dedden,kdeddeni6@cdbaby.com,Female,24.229.173.90
756,Elmira,Getten,egetteni7@mapy.cz,Female,148.120.151.204
757,Torrey,Hendren,thendreni8@alibaba.com,Male,163.127.74.222
758,Mame,Sadd,msaddi9@de.vu,Female,213.168.167.247
759,Laurette,Dellatorre,ldellatorreia@nih.gov,Female,232.89.10.91
760,Kylie,Dragoe,kdragoeib@icio.us,Male,53.241.209.107
761,Mallissa,Elgram,melgramic@cafepress.com,Female,183.158.49.51
762,Buffy,Morritt,bmorrittid@nationalgeographic.com,Female,73.51.125.94
763,Megan,Zamorano,mzamoranoie@intel.com,Female,50.85.241.147
764,Beryle,Germaine,bgermaineif@photobucket.com,Female,114.157.143.129
765,Bink,Cook,bcookig@forbes.com,Male,240.99.63.19
766,Humfrey,Loreit,hloreitih@qq.com,Male,117.60.103.6
767,Nelli,Ramsier,nramsierii@home.pl,Female,197.240.135.152
768,Kelley,Runge,krungeij@ucoz.com,Female,250.239.206.244
769,Reyna,Lafayette,rlafayetteik@msn.com,Female,5.240.225.211
770,Ailene,Casserley,acasserleyil@dropbox.com,Female,118.71.24.70
771,Willette,Cadle,wcadleim@elpais.com,Female,209.68.184.163
772,Daren,Grigoire,dgrigoirein@ehow.com,Male,188.7.145.54
773,Rene,Chaperling,rchaperlingio@house.gov,Male,16.25.134.116
774,Heidie,Overnell,hovernellip@webmd.com,Agender,151.199.159.70
775,Reggie,Shuttlewood,rshuttlewoodiq@youku.com,Female,100.234.142.253
776,Janine,Hafner,jhafnerir@unesco.org,Female,87.116.39.185
777,Padraig,Ascrofte,pascrofteis@plala.or.jp,Male,110.185.45.173
778,Aube,Marrows,amarrowsit@is.gd,Polygender,85.54.51.135
779,Sansone,Tooting,stootingiu@technorati.com,Male,237.88.83.224
780,Susy,Benam,sbenamiv@tinypic.com,Female,48.104.197.44
781,Clarissa,Lindman,clindmaniw@live.com,Female,184.215.245.139
782,Rossy,Hantusch,rhantuschix@ed.gov,Male,204.85.75.39
783,Jules,Tollet,jtolletiy@nymag.com,Male,131.75.119.163
784,Whit,Clementet,wclementetiz@elegantthemes.com,Male,36.153.196.155
785,Natty,Tee,nteej0@omniture.com,Male,6.237.193.57
786,Lian,Howman,lhowmanj1@diigo.com,Female,188.68.138.249
787,Zorah,Wigsell,zwigsellj2@w3.org,Female,170.192.140.205
788,Dyana,Farleigh,dfarleighj3@earthlink.net,Female,186.159.26.54
789,Caresa,Joselovitch,cjoselovitchj4@oracle.com,Female,232.43.70.119
790,Sigrid,Hamilton,shamiltonj5@istockphoto.com,Female,201.128.195.191
791,Jo,Dudeney,jdudeneyj6@gravatar.com,Female,251.199.113.90
792,Morgan,Rose,mrosej7@netvibes.com,Female,66.94.122.201
793,Morrie,Buxcy,mbuxcyj8@comsenz.com,Polygender,159.230.205.190
794,Fulvia,Frick,ffrickj9@gmpg.org,Female,131.45.88.145
795,Phillida,MacPeice,pmacpeiceja@senate.gov,Non-binary,102.187.131.132
796,Farah,Caldaro,fcaldarojb@icio.us,Non-binary,76.2.35.105
797,Alfreda,Bartol,abartoljc@cbsnews.com,Female,116.9.80.99
798,Witty,Canavan,wcanavanjd@mail.ru,Male,202.0.0.98
799,Mick,Pullin,mpullinje@joomla.org,Male,89.189.134.127
800,Helaine,Covolini,hcovolinijf@buzzfeed.com,Female,155.132.236.76
801,Joey,Matzke,jmatzkejg@typepad.com,Female,121.32.64.234
802,Yovonnda,Gorey,ygoreyjh@ftc.gov,Female,190.103.156.16
803,Tommi,Addis,taddisji@blogspot.com,Female,85.148.193.81
804,Zaneta,Gilpillan,zgilpillanjj@cnet.com,Female,160.218.202.143
805,Gardie,Doerrling,gdoerrlingjk@nature.com,Non-binary,156.184.179.134
806,Tracy,MacCostye,tmaccostyejl@taobao.com,Female,111.188.185.112
807,Rosella,Newbery,rnewberyjm@nsw.gov.au,Female,144.98.41.174
808,Judas,Sirl,jsirljn@51.la,Male,69.166.248.1
809,Carry,Permain,cpermainjo@com.com,Female,77.93.8.31
810,Adham,Hoult,ahoultjp@amazonaws.com,Non-binary,250.65.153.191
811,Aurore,Imrie,aimriejq@discovery.com,Female,8.240.107.230
812,Daniele,Oakey,doakeyjr@xinhuanet.com,Female,177.95.210.91
813,Darwin,Jossum,djossumjs@twitpic.com,Male,49.233.223.4
814,Emalee,Vowles,evowlesjt@answers.com,Female,237.5.30.165
815,Ody,Parham,oparhamju@shutterfly.com,Male,147.181.142.37
816,Gilles,Tomson,gtomsonjv@yale.edu,Genderqueer,95.90.81.254
817,Malchy,Doppler,mdopplerjw@moonfruit.com,Male,35.149.125.114
818,Julianna,Mebes,jmebesjx@answers.com,Female,70.103.234.51
819,Jamey,Cowgill,jcowgilljy@cmu.edu,Genderqueer,157.121.190.228
820,Rona,McCobb,rmccobbjz@google.cn,Female,241.242.11.29
821,Raimund,Whyteman,rwhytemank0@engadget.com,Male,197.80.218.216
822,Bea,Siggee,bsiggeek1@mysql.com,Female,94.127.208.199
823,Whitney,Esser,wesserk2@admin.ch,Female,126.172.47.242
824,Shay,De Gregario,sdegregariok3@creativecommons.org,Male,132.97.135.2
825,Kim,Redmille,kredmillek4@columbia.edu,Female,192.234.16.1
826,Jonah,Glasbey,jglasbeyk5@washington.edu,Male,18.213.169.142
827,Anallese,Waghorne,awaghornek6@wired.com,Female,79.239.179.246
828,Cyrill,Lambal,clambalk7@upenn.edu,Male,249.148.28.15
829,Magdalene,Critten,mcrittenk8@cmu.edu,Female,170.175.8.95
830,Heywood,Botright,hbotrightk9@nba.com,Male,76.236.242.94
831,Kaila,Cobbold,kcobboldka@mlb.com,Female,40.34.47.164
832,Norina,Maurice,nmauricekb@hp.com,Female,83.138.141.46
833,Britt,Cartlidge,bcartlidgekc@privacy.gov.au,Female,223.232.108.235
834,Brandyn,Biever,bbieverkd@time.com,Male,30.96.165.39
835,Grissel,Slopier,gslopierke@spotify.com,Female,76.176.12.180
836,Yetty,Grimmer,ygrimmerkf@wordpress.org,Female,36.13.181.132
837,Karlene,Course,kcoursekg@wikimedia.org,Female,238.45.121.18
838,Matteo,Rishman,mrishmankh@gnu.org,Male,151.66.138.63
839,Mag,Sertin,msertinki@pinterest.com,Female,229.41.132.175
840,Gussie,Bosenworth,gbosenworthkj@angelfire.com,Female,47.189.159.57
841,Rayna,Sygrove,rsygrovekk@bravesites.com,Female,45.208.219.83
842,Edgar,Kilbourn,ekilbournkl@twitpic.com,Male,21.228.163.47
843,Mylo,Dundredge,mdundredgekm@spiegel.de,Male,107.96.177.251
844,Jocelyn,Glozman,jglozmankn@berkeley.edu,Female,63.41.58.90
845,Humfried,Sommerlie,hsommerlieko@google.ru,Male,4.182.123.114
846,Allister,Rowsell,arowsellkp@youtube.com,Male,72.78.56.225
847,Umberto,Martinek,umartinekkq@army.mil,Male,238.252.141.148
848,Greg,Fusedale,gfusedalekr@princeton.edu,Male,6.121.165.74
849,Rabbi,Catonne,rcatonneks@imageshack.us,Male,128.188.227.64
850,Conney,Yeliashev,cyeliashevkt@scientificamerican.com,Male,111.158.127.226
851,Anetta,Taylot,ataylotku@baidu.com,Female,84.32.86.180
852,Pall,Tedridge,ptedridgekv@slideshare.net,Male,208.202.193.155
853,Gerri,Twiname,gtwinamekw@pagesperso-orange.fr,Female,59.208.89.221
854,Murvyn,Presman,mpresmankx@e-recht24.de,Male,156.91.190.237
855,Desi,Nevet,dnevetky@wiley.com,Male,243.125.3.44
856,Jan,Rouby,jroubykz@cbslocal.com,Female,70.204.251.218
857,Karlyn,Pavelka,kpavelkal0@msu.edu,Female,251.58.153.108
858,Rosabelle,Blackney,rblackneyl1@psu.edu,Female,160.2.62.6
859,Myrilla,Barthot,mbarthotl2@usatoday.com,Female,83.221.24.54
860,Selinda,Youens,syouensl3@narod.ru,Female,121.67.248.142
861,Toni,Mauditt,tmaudittl4@cafepress.com,Non-binary,235.38.93.102
862,Hamid,Nafzger,hnafzgerl5@yellowbook.com,Male,30.156.210.96
863,Cherin,Chappelle,cchappellel6@tuttocitta.it,Female,59.147.64.246
864,Fay,Harkness,fharknessl7@fc2.com,Female,42.205.128.47
865,Clare,Corwin,ccorwinl8@purevolume.com,Male,0.2.238.115
866,Shermie,Gladtbach,sgladtbachl9@fda.gov,Male,248.202.146.23
867,Othella,Holby,oholbyla@salon.com,Genderfluid,137.204.46.130
868,Emili,Penquet,epenquetlb@purevolume.com,Female,54.189.149.147
869,Leopold,Brenstuhl,lbrenstuhllc@whitehouse.gov,Male,39.115.16.207
870,Toby,Tidmas,ttidmasld@nsw.gov.au,Female,95.82.43.155
871,Birk,Vicent,bvicentle@issuu.com,Male,60.146.8.115
872,Waverley,Gookey,wgookeylf@oracle.com,Male,133.102.111.99
873,Candace,Gingedale,cgingedalelg@elpais.com,Female,87.65.229.166
874,Herbie,Gwin,hgwinlh@sohu.com,Male,82.250.233.64
875,Karola,Hargreave,khargreaveli@blog.com,Female,91.62.8.125
876,Joseito,Spellsworth,jspellsworthlj@boston.com,Male,110.194.11.137
877,Becka,Leigh,bleighlk@umn.edu,Female,163.51.27.166
878,Heall,Prisk,hpriskll@zimbio.com,Male,135.43.46.70
879,Emera,Aharoni,eaharonilm@twitpic.com,Female,134.109.165.143
880,Vincenty,Garbar,vgarbarln@cpanel.net,Male,82.35.25.30
881,Perice,Eccleston,pecclestonlo@admin.ch,Agender,128.9.215.189
882,Rustin,Bareford,rbarefordlp@dailymotion.com,Male,149.55.241.86
883,Ram,Ellesmere,rellesmerelq@aboutads.info,Male,59.6.165.254
884,Corty,Kowal,ckowallr@scientificamerican.com,Male,122.240.91.74
885,Donnie,Patrone,dpatronels@sakura.ne.jp,Male,126.25.44.60
886,Odo,Sambedge,osambedgelt@hubpages.com,Male,204.95.186.202
887,Alva,Wistance,awistancelu@miibeian.gov.cn,Male,38.198.214.214
888,Joe,Beaves,jbeaveslv@cnet.com,Male,75.82.241.34
889,Wit,Adolthine,wadolthinelw@paypal.com,Male,138.51.26.97
890,Abbie,Sherrington,asherringtonlx@godaddy.com,Male,21.94.254.149
891,Humphrey,Kynforth,hkynforthly@mit.edu,Male,50.71.74.185
892,Sena,Crate,scratelz@blogtalkradio.com,Female,84.210.5.39
893,Poul,Betty,pbettym0@jimdo.com,Male,168.139.201.103
894,Crosby,Dederich,cdederichm1@angelfire.com,Male,239.19.176.242
895,Nikaniki,Gethin,ngethinm2@bloglines.com,Non-binary,159.50.103.186
896,Teodora,Skene,tskenem3@ebay.co.uk,Female,247.118.97.255
897,Harrietta,Affleck,haffleckm4@desdev.cn,Female,110.81.133.90
898,Penn,Gresham,pgreshamm5@infoseek.co.jp,Male,2.46.201.117
899,Ailene,Frigout,afrigoutm6@nba.com,Female,198.220.41.170
900,Howie,Husk,hhuskm7@yellowbook.com,Male,74.96.135.36
901,Fredra,Standon,fstandonm8@usnews.com,Female,156.100.140.58
902,Malva,Davioud,mdavioudm9@icio.us,Female,208.125.86.131
903,Kacey,Klees,kkleesma@time.com,Female,87.215.8.62
904,Mozelle,Melmar,mmelmarmb@vk.com,Non-binary,113.16.236.218
905,Erick,Golagley,egolagleymc@kickstarter.com,Male,13.228.222.81
906,Alisa,Philippault,aphilippaultmd@hp.com,Female,111.112.30.76
907,Riane,Larchier,rlarchierme@ustream.tv,Female,66.109.92.162
908,Otto,Tracy,otracymf@ameblo.jp,Male,156.113.243.252
909,Torrey,Ruzicka,truzickamg@chicagotribune.com,Male,207.181.253.148
910,Washington,Posse,wpossemh@soup.io,Genderqueer,88.66.223.109
911,Charmaine,Linfoot,clinfootmi@auda.org.au,Female,146.117.217.54
912,Pauline,Hoopper,phooppermj@cnbc.com,Female,158.152.63.135
913,Natty,Ruddock,nruddockmk@forbes.com,Male,174.87.253.92
914,Donn,Krook,dkrookml@blogs.com,Male,155.157.160.119
915,Baudoin,Dahl,bdahlmm@craigslist.org,Male,225.31.184.208
916,Kareem,Asp,kaspmn@army.mil,Male,166.117.113.198
917,Odette,Apedaile,oapedailemo@dedecms.com,Female,200.19.182.39
918,Garey,Mourant,gmourantmp@topsy.com,Male,44.79.57.116
919,Franni,Loude,floudemq@digg.com,Female,97.144.214.158
920,Fan,Trevorrow,ftrevorrowmr@feedburner.com,Female,173.195.183.3
921,Kathleen,Hancell,khancellms@google.fr,Female,143.92.101.125
922,Kacie,Rea,kreamt@clickbank.net,Polygender,84.16.105.28
923,Adriaens,Stebbin,astebbinmu@ifeng.com,Female,206.58.105.88
924,Abigale,Crepel,acrepelmv@imageshack.us,Female,155.186.69.97
925,Damian,Ferrillio,dferrilliomw@time.com,Polygender,235.237.187.87
926,Ilka,Tremellier,itremelliermx@blog.com,Genderfluid,147.119.122.183
927,Alick,MacCulloch,amaccullochmy@noaa.gov,Male,150.220.209.191
928,Delphinia,Tilne,dtilnemz@dion.ne.jp,Female,138.57.215.85
929,Dyann,Hannum,dhannumn0@amazon.de,Female,37.145.4.40
930,Hogan,Clemintoni,hclemintonin1@nature.com,Male,77.11.210.89
931,Lenore,Varran,lvarrann2@time.com,Female,153.6.187.31
932,Odie,Vertigan,overtigann3@elegantthemes.com,Agender,253.47.117.228
933,Cesar,Rodell,crodelln4@friendfeed.com,Male,117.91.151.226
934,Forrest,Bisco,fbiscon5@nyu.edu,Male,255.2.219.122
935,Colleen,Manifould,cmanifouldn6@feedburner.com,Bigender,247.49.28.22
936,Raff,Janecki,rjaneckin7@ibm.com,Male,223.97.68.44
937,Aline,Collopy,acollopyn8@usgs.gov,Female,64.103.231.207
938,Shaylyn,Sotheby,ssothebyn9@forbes.com,Bigender,230.123.118.189
939,Sullivan,Ebertz,sebertzna@theatlantic.com,Male,202.198.158.115
940,Cherri,Ertelt,certeltnb@psu.edu,Female,113.85.192.114
941,Dorena,Heamus,dheamusnc@mozilla.com,Female,129.79.105.67
942,Nikki,O'Luby,nolubynd@usnews.com,Male,63.206.249.198
943,Staford,Audibert,saudibertne@jugem.jp,Male,77.206.183.129
944,Minnie,Birmingham,mbirminghamnf@sina.com.cn,Female,113.63.165.213
945,Gilburt,Haggarty,ghaggartyng@dion.ne.jp,Male,230.46.233.82
946,Lois,Knowles,lknowlesnh@accuweather.com,Female,216.136.67.122
947,Dionisio,Klain,dklainni@alexa.com,Male,109.175.122.109
948,Velvet,Asgodby,vasgodbynj@ezinearticles.com,Female,195.235.181.91
949,Cassandra,Lasham,clashamnk@craigslist.org,Female,242.147.241.243
950,Ciel,McArte,cmcartenl@microsoft.com,Genderqueer,213.180.128.206
951,Barthel,Boyde,bboydenm@naver.com,Male,161.37.32.108
952,Avis,Reuther,areuthernn@google.com,Female,139.136.51.95
953,Micaela,Widdall,mwiddallno@theatlantic.com,Female,251.208.231.131
954,Nevin,Ferfulle,nferfullenp@toplist.cz,Male,169.24.83.248
955,Hamish,Lias,hliasnq@themeforest.net,Male,241.157.206.121
956,Joline,Moriarty,jmoriartynr@aboutads.info,Female,180.36.176.254
957,Della,Dimock,ddimockns@jimdo.com,Female,10.231.226.141
958,Donall,Wegner,dwegnernt@themeforest.net,Male,52.38.153.229
959,Alla,Ivan,aivannu@google.co.jp,Female,1.80.136.2
960,Morgan,Matuskiewicz,mmatuskiewicznv@who.int,Male,171.22.93.71
961,Barnett,Verlander,bverlandernw@si.edu,Male,159.120.199.82
962,Willa,McCoveney,wmccoveneynx@ask.com,Female,148.55.244.58
963,Harland,Cucinotta,hcucinottany@chron.com,Male,231.181.52.241
964,Rina,Amburgy,ramburgynz@cisco.com,Female,115.71.209.217
965,Natividad,Grocock,ngrococko0@goo.ne.jp,Female,173.160.242.47
966,Dulcine,Gotecliffe,dgotecliffeo1@jiathis.com,Non-binary,171.183.128.97
967,Johnathon,Mayers,jmayerso2@free.fr,Male,155.243.73.227
968,Korrie,Marquess,kmarquesso3@dot.gov,Female,5.37.0.5
969,Claudelle,Nibley,cnibleyo4@eventbrite.com,Agender,170.209.119.222
970,Jordan,Bogies,jbogieso5@about.com,Male,39.102.25.129
971,Starla,Rowantree,srowantreeo6@diigo.com,Female,4.246.196.96
972,Damian,Trawin,dtrawino7@europa.eu,Male,197.136.134.103
973,Tawnya,Yorke,tyorkeo8@opensource.org,Female,29.180.144.10
974,Hamish,Stamps,hstampso9@walmart.com,Male,254.84.28.38
975,Kenneth,Ogilvy,kogilvyoa@fc2.com,Male,143.177.16.23
976,Niccolo,Sargeaunt,nsargeauntob@sfgate.com,Male,47.6.57.114
977,Wells,Morbey,wmorbeyoc@kickstarter.com,Male,147.137.193.162
978,Aggie,O'Sharry,aosharryod@webeden.co.uk,Female,195.123.39.124
979,Robinia,Doerren,rdoerrenoe@elegantthemes.com,Female,245.174.245.205
980,Malina,Polycote,mpolycoteof@purevolume.com,Female,134.126.233.7
981,Perren,Bovaird,pbovairdog@noaa.gov,Male,98.188.155.96
982,Sherlock,Kilian,skilianoh@si.edu,Male,222.101.126.223
983,Lennie,Toopin,ltoopinoi@cnbc.com,Male,144.199.166.233
984,Cristin,Doiley,cdoileyoj@ameblo.jp,Female,240.34.98.122
985,Saundra,Levett,slevettok@sciencedaily.com,Male,47.180.52.217
986,Ana,Gutsell,agutsellol@mit.edu,Polygender,9.2.48.192
987,Nadean,Wight,nwightom@yahoo.co.jp,Polygender,183.178.98.94
988,Lazaro,Reddings,lreddingson@linkedin.com,Male,187.58.57.98
989,Claudette,Haley,chaleyoo@dyndns.org,Female,191.103.86.68
990,Kahaleel,Dolan,kdolanop@digg.com,Male,221.204.101.150
991,Emmett,Bandiera,ebandieraoq@japanpost.jp,Male,250.33.25.7
992,Bernarr,Velez,bvelezor@biblegateway.com,Male,63.23.3.38
993,Phylis,Rosenwasser,prosenwasseros@auda.org.au,Female,15.69.191.136
994,Wyatan,Hayes,whayesot@chron.com,Agender,251.25.5.175
995,Dyanne,Gossipin,dgossipinou@noaa.gov,Female,46.196.234.75
996,Karilynn,Sivorn,ksivornov@icio.us,Female,249.217.91.157
997,Eileen,Busk,ebuskow@baidu.com,Female,10.128.5.4
998,Clementine,Crilley,ccrilleyox@free.fr,Female,130.210.129.108
999,Linette,Burnhams,lburnhamsoy@alexa.com,Female,229.209.29.86
1000,Cristi,Mathis,cmathisoz@state.gov,Female,198.150.100.236
1001,Lockwood,Royse,lroysep0@de.vu,Male,188.10.199.216
1002,Paulo,Porte,pportep1@booking.com,Genderfluid,211.42.143.216
1003,Inigo,Doerr,idoerrp2@engadget.com,Male,142.143.41.232
1004,Clerc,Noore,cnoorep3@toplist.cz,Male,5.174.1.198
1005,Ritchie,Omar,romarp4@exblog.jp,Male,148.51.240.208
1006,Fleming,Rodgier,frodgierp5@hud.gov,Male,227.243.129.90
1007,Archy,Fetherstone,afetherstonep6@sitemeter.com,Male,31.197.154.11
1008,Myrle,Vink,mvinkp7@squarespace.com,Female,34.137.229.35
1009,Mariellen,Giacovazzo,mgiacovazzop8@trellian.com,Female,86.247.178.160
1010,Michaeline,Grice,mgricep9@cdbaby.com,Female,203.200.38.99
1011,Beatriz,Lubbock,blubbockpa@dropbox.com,Female,131.244.36.105
1012,Jeddy,Anyon,janyonpb@amazonaws.com,Male,243.28.68.22
1013,Shellie,Brock,sbrockpc@nydailynews.com,Female,188.18.198.213
1014,Ricky,Boutflour,rboutflourpd@mac.com,Female,216.41.101.175
1015,Burg,Clashe,bclashepe@apple.com,Male,10.161.117.246
1016,Pyotr,Millwater,pmillwaterpf@whitehouse.gov,Male,12.156.164.54
1017,Uriah,Alford,ualfordpg@wisc.edu,Male,130.71.203.124
1018,Glenn,Doumic,gdoumicph@acquirethisname.com,Male,82.152.25.106
1019,Jacklin,Olding,joldingpi@cbc.ca,Female,62.111.53.25
1020,Talya,Balshaw,tbalshawpj@home.pl,Female,198.169.114.79
1021,Lexis,Lacroux,llacrouxpk@cloudflare.com,Female,211.251.224.240
1022,Albertine,Pinchen,apinchenpl@vk.com,Female,92.25.206.179
1023,Clevie,Matlock,cmatlockpm@issuu.com,Male,239.105.1.36
1024,Gussi,Zecchini,gzecchinipn@pen.io,Female,187.140.69.232
1025,Giraldo,Hoble,ghoblepo@cbsnews.com,Male,164.250.6.87
1026,Rex,Wyburn,rwyburnpp@mapy.cz,Male,183.135.5.183
1027,Aldo,Older,aolderpq@youtube.com,Male,240.182.155.144
1028,Dorette,Betteriss,dbetterisspr@redcross.org,Female,56.32.9.83
1029,Katey,Sebert,ksebertps@friendfeed.com,Female,187.227.44.148
1030,Nicolina,Allenson,nallensonpt@state.gov,Female,38.187.227.207
1031,Roberto,Grevatt,rgrevattpu@yale.edu,Male,160.51.140.128
1032,Obidiah,Hellier,ohellierpv@fema.gov,Male,51.126.76.108
1033,Ernestine,Osmond,eosmondpw@tinyurl.com,Female,72.111.53.38
1034,Nancy,Selby,nselbypx@huffingtonpost.com,Polygender,33.239.138.225
1035,Joana,Koppke,jkoppkepy@archive.org,Female,35.195.144.55
1036,Zelig,Hammerton,zhammertonpz@booking.com,Genderfluid,81.84.251.218
1037,Hagan,Flipsen,hflipsenq0@gov.uk,Male,250.139.236.207
1038,Star,Labroue,slabroueq1@gravatar.com,Female,38.138.192.37
1039,Raina,McKinn,rmckinnq2@fda.gov,Female,117.107.14.189
1040,Araldo,Keavy,akeavyq3@addthis.com,Male,117.184.134.93
1041,Datha,Raffon,draffonq4@ocn.ne.jp,Female,1.133.177.59
1042,Josefina,Fayerbrother,jfayerbrotherq5@miitbeian.gov.cn,Female,125.101.27.121
1043,Emlynne,Camblin,ecamblinq6@surveymonkey.com,Female,163.75.235.144
1044,Briano,Teulier,bteulierq7@fastcompany.com,Male,126.125.73.81
1045,Linell,Fake,lfakeq8@wufoo.com,Female,149.32.23.243
1046,Galvan,Piller,gpillerq9@accuweather.com,Male,147.221.141.227
1047,Dasha,Syres,dsyresqa@yellowpages.com,Female,133.114.30.73
1048,Maurine,Connue,mconnueqb@hud.gov,Female,91.203.132.50
1049,Hazel,Peizer,hpeizerqc@gizmodo.com,Male,25.146.146.33
1050,Ricki,Spinige,rspinigeqd@scientificamerican.com,Polygender,0.125.18.150
1051,Jorge,Tewkesberry,jtewkesberryqe@shinystat.com,Male,59.115.48.1
1052,Mildred,Heisham,mheishamqf@ftc.gov,Female,27.163.85.237
1053,Padgett,Ruprechter,pruprechterqg@bbb.org,Male,173.207.205.149
1054,Noelle,Segge,nseggeqh@google.fr,Female,61.98.148.24
1055,Lexi,Rubinsohn,lrubinsohnqi@cdc.gov,Female,113.254.250.170
1056,Sancho,Isaksen,sisaksenqj@1688.com,Male,89.26.197.71
1057,Rhett,Nealon,rnealonqk@un.org,Male,16.190.173.8
1058,Terrijo,Hunnable,thunnableql@jiathis.com,Female,191.22.32.171
1059,Vivyan,Petrozzi,vpetrozziqm@foxnews.com,Female,166.20.126.168
1060,Mordy,Bugler,mbuglerqn@live.com,Male,193.99.209.160
1061,Melisande,Gopsill,mgopsillqo@cbc.ca,Female,55.227.117.59
1062,Eda,Lehrer,elehrerqp@wired.com,Female,240.70.210.101
1063,Cacilia,Withrington,cwithringtonqq@nydailynews.com,Female,185.10.80.214
1064,Hobie,Verny,hvernyqr@ftc.gov,Male,9.26.96.150
1065,Vin,Camelli,vcamelliqs@ox.ac.uk,Female,235.111.158.143
1066,Hadrian,MacKaig,hmackaigqt@google.fr,Male,55.217.2.161
1067,Haslett,MacBrearty,hmacbreartyqu@prnewswire.com,Non-binary,118.157.107.87
1068,Quentin,Balderstone,qbalderstoneqv@ca.gov,Female,10.231.36.169
1069,Cord,Leahy,cleahyqw@hp.com,Male,178.247.231.94
1070,Elbertine,Goatcher,egoatcherqx@github.com,Agender,65.197.120.87
1071,Novelia,Heasley,nheasleyqy@chronoengine.com,Female,227.15.156.51
1072,Jerrine,Sulland,jsullandqz@samsung.com,Agender,32.112.123.230
1073,Townie,Klaves,tklavesr0@twitpic.com,Male,90.243.5.86
1074,Rochester,Rearie,rrearier1@mashable.com,Male,209.247.229.110
1075,Noland,Jizhaki,njizhakir2@php.net,Male,69.230.100.208
1076,Sullivan,Moubray,smoubrayr3@ihg.com,Male,15.172.122.233
1077,Oneida,Sogg,osoggr4@elpais.com,Female,128.210.152.25
1078,Dominga,Kordt,dkordtr5@cmu.edu,Female,165.195.0.165
1079,Brant,Swindall,bswindallr6@census.gov,Male,220.16.0.93
1080,Hermann,Vella,hvellar7@home.pl,Male,43.247.219.128
1081,Ilario,Salter,isalterr8@abc.net.au,Male,175.204.25.115
1082,Addie,Hardeman,ahardemanr9@macromedia.com,Male,227.94.210.159
1083,Bran,Sullly,bsulllyra@geocities.jp,Male,22.143.183.4
1084,Selina,Cancutt,scancuttrb@imageshack.us,Female,47.7.194.236
1085,Boony,Tankard,btankardrc@goodreads.com,Male,219.226.173.186
1086,Shaine,Yurtsev,syurtsevrd@cam.ac.uk,Female,73.113.7.219
1087,Gael,Wycliff,gwycliffre@state.tx.us,Male,66.53.160.12
1088,Tamiko,Saul,tsaulrf@whitehouse.gov,Female,34.243.189.161
1089,Jae,Fleetham,jfleethamrg@unesco.org,Male,10.26.5.117
1090,Lorne,Mattock,lmattockrh@hc360.com,Male,217.66.119.162
1091,Dion,Udy,dudyri@shop-pro.jp,Female,105.184.43.19
1092,Maryjane,Popworth,mpopworthrj@sun.com,Female,38.132.98.1
1093,Hanny,Scolland,hscollandrk@ucoz.com,Female,19.97.254.189
1094,Hallie,Brady,hbradyrl@free.fr,Bigender,128.46.118.226
1095,Irina,Lemery,ilemeryrm@naver.com,Female,212.117.197.135
1096,Merrill,Berrigan,mberriganrn@yale.edu,Male,143.75.198.15
1097,Kahlil,Duffield,kduffieldro@soup.io,Male,138.186.119.182
1098,Bobette,Bisterfeld,bbisterfeldrp@state.tx.us,Female,140.119.112.125
1099,Melisse,Tolworthy,mtolworthyrq@ning.com,Female,22.176.162.217
1100,Halette,Chipping,hchippingrr@smugmug.com,Female,227.134.50.50
