id,first_name,last_name,email,gender,ip_address
1,Pennie,Jell,pjell0@samsung.com,Female,31.141.145.194
2,Kim,Jansson,kjansson1@moonfruit.com,Female,73.247.171.76
3,Brion,Linnane,blinnane2@dmoz.org,Male,68.178.174.249
4,Mireille,Geal,mgeal3@cdbaby.com,Female,157.149.13.241
5,Frank,Bathow,fbathow4@cocolog-nifty.com,Male,118.70.93.114
6,Amii,Schirach,aschirach5@craigslist.org,Female,95.160.15.39
7,Cordie,Leavey,cleavey6@sciencedaily.com,Male,155.145.173.108
8,Emlynne,Sidon,esidon7@timesonline.co.uk,Female,214.62.18.129
9,Nannie,Rossander,nrossander8@dot.gov,Female,31.117.54.227
10,Logan,Micklem,lmicklem9@bigcartel.com,Male,32.35.12.172
11,Sig,Patriche,spatrichea@cargocollective.com,Male,170.194.94.153
12,Sherwynd,Limpricht,slimprichtb@opensource.org,Male,228.11.45.5
13,Wit,Tregido,wtregidoc@goodreads.com,Genderqueer,124.156.251.128
14,Simmonds,Phillput,sphillputd@engadget.com,Male,221.197.199.23
15,Skylar,Francesconi,sfrancesconie@4shared.com,Male,52.242.209.118
16,Jania,Brewer,jbrewerf@macromedia.com,Female,5.213.252.236
17,Joan,Walmsley,jwalmsleyg@berkeley.edu,Female,159.168.10.102
18,Bran,Giorgioni,bgiorgionih@ed.gov,Male,226.27.113.20
19,Dionisio,O'Connel,doconneli@telegraph.co.uk,Male,103.93.41.183
20,Marsh,Janning,mjanningj@cdbaby.com,Male,16.191.68.195
21,Yule,Nellies,ynelliesk@un.org,Male,229.214.166.69
22,Roxy,Lafay,rlafayl@is.gd,Female,251.197.168.145
23,Arly,Frantzen,afrantzenm@amazonaws.com,Female,150.168.108.51
24,Estrellita,Andres,eandresn@yellowpages.com,Female,177.145.173.72
25,Benedetto,Arkell,barkello@goo.ne.jp,Male,229.180.145.97
26,Thorndike,Malyon,tmalyonp@accuweather.com,Male,20.177.54.99
27,Daniella,Abbett,dabbettq@feedburner.com,Female,92.33.148.150
28,Kelby,Farrer,kfarrerr@friendfeed.com,Male,34.165.81.106
29,Natal,Fleckness,nflecknesss@example.com,Male,205.42.32.134
30,Mattie,Revitt,mrevittt@123-reg.co.uk,Genderqueer,79.207.14.50
31,Elana,Pashby,epashbyu@salon.com,Non-binary,0.14.206.248
32,Charley,Cowing,ccowingv@google.ca,Male,99.199.42.244
33,Cobbie,Gussin,cgussinw@apple.com,Non-binary,188.215.20.2
34,Kimbell,Sherlock,ksherlockx@sun.com,Male,91.150.2.146
35,Aldous,De Ambrosi,adeambrosiy@nymag.com,Male,105.210.76.213
36,Lewes,Treece,ltreecez@1und1.de,Male,97.5.21.87
37,Della,Kendall,dkendall10@rediff.com,Female,4.170.44.106
38,Theo,Poulett,tpoulett11@nyu.edu,Female,232.9.198.248
39,Christean,Allaker,callaker12@de.vu,Female,219.101.242.165
40,Sheila-kathryn,Kures,skures13@home.pl,Female,247.201.35.18
41,Eli,Stonbridge,estonbridge14@blogger.com,Male,83.215.74.71
42,Xaviera,Brunton,xbrunton15@miitbeian.gov.cn,Female,138.123.83.232
43,Dominique,Teenan,dteenan16@icio.us,Female,46.186.24.232
44,Devin,Beaston,dbeaston17@ovh.net,Male,231.28.190.53
45,Bambie,Kopp,bkopp18@joomla.org,Female,140.41.1.99
46,Frances,Dawidman,fdawidman19@jugem.jp,Female,143.180.207.233
47,Randy,Littleproud,rlittleproud1a@sitemeter.com,Male,212.231.44.208
48,Isaac,Louis,ilouis1b@blogtalkradio.com,Male,148.27.101.233
49,Jaclin,Younglove,jyounglove1c@cnet.com,Female,239.110.201.155
50,Liza,Sandeford,lsandeford1d@sakura.ne.jp,Female,136.152.244.204
51,Bili,Hessle,bhessle1e@mozilla.com,Female,126.25.69.212
52,Raychel,Costain,rcostain1f@huffingtonpost.com,Female,103.189.158.128
53,Luther,Simoncelli,lsimoncelli1g@dyndns.org,Male,194.221.63.69
54,Marjorie,Alexsandrowicz,malexsandrowicz1h@umich.edu,Female,225.113.205.95
55,Leann,Prestland,lprestland1i@jiathis.com,Female,111.61.209.92
56,Hyatt,Grunson,hgrunson1j@deliciousdays.com,Male,85.253.137.19
57,Tarra,Swindon,tswindon1k@exblog.jp,Female,18.31.190.185
58,Marcellina,Vaen,mvaen1l@aol.com,Female,120.61.158.157
59,Lenna,McCrillis,lmccrillis1m@sakura.ne.jp,Female,54.59.143.84
60,Brittany,Klemensiewicz,bklemensiewicz1n@dion.ne.jp,Female,48.78.112.174
61,Brett,Toye,btoye1o@independent.co.uk,Female,138.248.16.173
62,Hart,Comber,hcomber1p@friendfeed.com,Male,171.38.77.206
63,Kai,Kamenar,kkamenar1q@utexas.edu,Bigender,28.169.104.215
64,Nicolette,Gilling,ngilling1r@shop-pro.jp,Female,132.2.72.232
65,Shaine,Peres,speres1s@angelfire.com,Male,240.34.227.212
66,Jeremy,Rosle,jrosle1t@hibu.com,Non-binary,167.194.223.60
67,Carline,Steely,csteely1u@home.pl,Female,39.237.49.155
68,Hermine,Iannello,hiannello1v@businesswire.com,Non-binary,177.111.210.169
69,Emmaline,Gladman,egladman1w@wiley.com,Female,29.88.131.90
70,Ginevra,Lockhurst,glockhurst1x@go.com,Female,45.234.115.173
71,Alwin,Bladesmith,abladesmith1y@soundcloud.com,Male,54.73.45.72
72,Tracie,Maidstone,tmaidstone1z@yahoo.co.jp,Female,106.16.216.125
73,Candide,Fanshaw,cfanshaw20@statcounter.com,Female,62.211.7.178
74,Randi,Menault,rmenault21@trellian.com,Male,11.241.165.137
75,Wernher,Hollingsbee,whollingsbee22@exblog.jp,Male,60.119.240.18
76,Alano,Anstiss,aanstiss23@biblegateway.com,Polygender,77.60.199.13
77,Hebert,Imlin,himlin24@blogs.com,Male,115.132.238.45
78,Hastings,Luxen,hluxen25@drupal.org,Polygender,85.139.230.114
79,Freedman,Cordobes,fcordobes26@engadget.com,Male,116.161.108.222
80,Craig,Kobes,ckobes27@google.co.jp,Male,89.185.147.172
81,Matthus,Wenham,mwenham28@samsung.com,Male,174.174.25.80
82,Melita,Lyngsted,mlyngsted29@symantec.com,Female,80.159.243.24
83,Stacey,Hickeringill,shickeringill2a@tiny.cc,Female,112.236.16.33
84,Abe,MacIllrick,amacillrick2b@accuweather.com,Bigender,79.84.158.48
85,Shadow,Scripture,sscripture2c@wix.com,Male,68.1.139.230
86,Denys,Giacomazzo,dgiacomazzo2d@slashdot.org,Male,80.139.42.180
87,Rickie,Pietasch,rpietasch2e@weather.com,Female,75.19.246.188
88,Gian,Pickring,gpickring2f@sphinn.com,Male,144.169.78.60
89,Dora,Cordero,dcordero2g@livejournal.com,Female,194.119.28.16
90,Shelden,Traviss,straviss2h@biblegateway.com,Male,131.38.155.50
91,Odey,Kiddey,okiddey2i@com.com,Male,18.59.233.210
92,Franky,Longridge,flongridge2j@photobucket.com,Female,247.112.209.49
93,Lyman,Magner,lmagner2k@discovery.com,Male,174.42.19.112
94,Gabrielle,Faraday,gfaraday2l@google.es,Female,22.225.74.7
95,Gian,Entwisle,gentwisle2m@ocn.ne.jp,Male,49.18.32.139
96,Vida,Carryer,vcarryer2n@yellowbook.com,Female,127.248.201.147
97,Jasper,Byrom,jbyrom2o@vimeo.com,Male,54.139.50.164
98,Lulita,Bassindale,lbassindale2p@arizona.edu,Female,126.140.4.91
99,Elizabet,Weber,eweber2q@mac.com,Female,23.246.175.144
100,Yolanthe,Fullman,yfullman2r@usatoday.com,Female,230.186.56.121
